Workbook

Sheet קוביות
E1: 2026 | Q1: 2027 | AF1: 2026 | AK1: 2027 | AW1: 2028
A2: PN | B2: Oct | C2: Nov | D2: Dec | E2: Jan | F2: Feb | G2: Mar | H2: Apr | I2: May | J2: June | K2: July | L2: Aug | M2: Sep | N2: Oct | O2: Nov | P2: Dec | Q2: Jan | R2: Feb | S2: Mar | T2: Apr | U2: May | V2: June | W2: total | X2: מטוס | Y2: Inventory | Z2: מלאי חסום | AA2: Qtty per plane | AB2: UR No | AC2: UR Status | AD2: Remarks | AE2: ריק | AF2: Aug | AG2: Sept | AH2: Oct | AI2: Nov | AJ2: Dec | AK2: Jan | AL2: Feb | AM2: Mar | AN2: Apr | AO2: May | AP2: June | AQ2: July | AR2: Aug | AS2: Sept | AT2: Oct | AU2: Nov | AV2: Dec | AW2: Jan | AX2: Feb | AY2: Mar | AZ2: Aug | BA2: Oct | BB2: Total
A3: 30P410170101-501 | D3: 1 | E3: 1 | F3: 2 | H3: 3 | I3: 2 | J3: 3 | K3: 3 | L3: 2 | M3: 2 | N3: 1 | O3: 3 | P3: 2 | Q3: 2 | R3: 2 | S3: 1 | V3: 2 | W3: =SUM(B3:V3) -> 32 | X3: 2340 | Y3: 0 | Z3: 0 | AA3: 2 | AB3: 201639813 | AC3: 35 | AG3: 3 | AI3: 12 | AO3: 3 | AP3: 12 | AW3: 2 | BB3: =SUM(AE3:BA3) -> 32
A4: 30P352132400-501 | H4: 2 | W4: =SUM(B4:V4) -> 2 | X4: 2341 | Y4: 0 | Z4: 0 | AA4: 1 | AB4: #N/A | AC4: #N/A | AH4: 2 | BB4: =SUM(AE4:BA4) -> 2
A5: 30P460164000-501 | F5: 3 | G5: 6 | H5: 6 | I5: 6 | J5: 4 | K5: 6 | L5: 4 | M5: 2 | N5: 4 | O5: 4 | P5: 4 | Q5: 6 | R5: 4 | S5: 4 | T5: 2 | U5: 4 | V5: 4 | W5: =SUM(B5:V5) -> 73 | X5: 2340 | Y5: 0 | Z5: 0 | AA5: 2 | AB5: #N/A | AC5: #N/A | AG5: 15 | AH5: 18 | AL5: 24 | AR5: 16 | BB5: =SUM(AE5:BA5) -> 73
A6: 30P450194101-501 | G6: 1 | H6: 1 | I6: 4 | J6: 4 | K6: 2 | L6: 1 | W6: =SUM(B6:V6) -> 13 | X6: 2340 | Y6: 0 | Z6: 0 | AA6: 1 | AB6: #N/A | AC6: #N/A | AG6: 13 | BB6: =SUM(AE6:BA6) -> 13
A7: 30P310255000-501 | F7: 1 | G7: 1 | W7: =SUM(B7:V7) -> 2 | X7: 2341 | Y7: 0 | Z7: 0 | AA7: 1 | AB7: #N/A | AC7: #N/A | AF7: 1 | AG7: 1 | BB7: =SUM(AE7:BA7) -> 2
A8: 30P315533000-501 | F8: 2 | W8: =SUM(B8:V8) -> 2 | X8: 2341 | Y8: 0 | Z8: 0 | AA8: 1 | AB8: #N/A | AC8: #N/A | AF8: 2 | BB8: =SUM(AE8:BA8) -> 2
A9: 30P450170101-501 | G9: 2 | I9: 3 | J9: 2 | K9: 3 | L9: 2 | M9: 2 | N9: 2 | O9: 2 | P9: 2 | Q9: 2 | R9: 2 | S9: 3 | T9: 1 | U9: 2 | V9: 2 | W9: =SUM(B9:V9) -> 32 | X9: 2341 | Y9: 1 | Z9: 0 | AA9: 1 | AB9: 201632894 | AC9: 35 | AG9: 9 | AJ9: 2 | AK9: 12 | AQ9: 9 | BB9: =SUM(AE9:BA9) -> 32
A10: 4AS3360547-501 | I10: 2 | Q10: 1 | R10: 2 | S10: 2 | T10: 2 | U10: 2 | V10: 2 | W10: =SUM(B10:V10) -> 13 | X10: 2341 | Y10: 16 | Z10: 0 | AA10: 1 | AB10: #N/A | AC10: #N/A | AK10: 2 | AL10: 6 | AO10: 5 | BB10: =SUM(AE10:BA10) -> 13
A11: 30P460162000-501 | B11: 2 | G11: 5 | H11: 6 | I11: 6 | J11: 4 | K11: 6 | L11: 4 | M11: 2 | N11: 4 | O11: 4 | P11: 4 | Q11: 6 | R11: 4 | V11: 4 | W11: =SUM(B11:V11) -> 61 | X11: 2342 | Y11: 0 | Z11: 0 | AA11: 2 | AB11: #N/A | AC11: #N/A | AG11: 21 | AK11: 12 | AM11: 24 | AT11: 4 | BB11: =SUM(AE11:BA11) -> 61
A12: 30P410114100-001 | G12: 1 | W12: =SUM(B12:V12) -> 1 | X12: 2342 | Y12: 0 | Z12: 0 | AA12: 1 | AB12: #N/A | AC12: #N/A | AG12: 1 | BB12: =SUM(AE12:BA12) -> 1
A13: 30P331026600-005 | E13: 6 | G13: 4 | H13: 4 | W13: =SUM(B13:V13) -> 14 | X13: 2342 | Y13: 0 | Z13: 0 | AA13: 4 | AB13: #N/A | AC13: #N/A | AE13: 2 | AF13: 4 | AG13: 8 | BB13: =SUM(AE13:BA13) -> 14
A14: 30P315631300-001 | G14: 30 | I14: 8 | N14: 8 | O14: 16 | P14: 16 | Q14: 16 | R14: 16 | S14: 24 | T14: 8 | U14: 16 | V14: 16 | W14: =SUM(B14:V14) -> 174 | X14: 2342 | Y14: 64 | Z14: 0 | AA14: 8 | AB14: #N/A | AC14: #N/A | AG14: 38 | AM14: 136 | BB14: =SUM(AE14:BA14) -> 174
A15: 30P420163001-501 | G15: 1 | H15: 3 | I15: 3 | J15: 2 | K15: 3 | L15: 2 | M15: 2 | N15: 1 | O15: 3 | P15: 2 | Q15: 2 | R15: 2 | S15: 1 | V15: 2 | W15: =SUM(B15:V15) -> 29 | X15: 2342 | Y15: 0 | Z15: 0 | AA15: 1 | AB15: 201580141 | AC15: 45 | AG15: 2 | AK15: 13 | AQ15: 12 | AW15: 2 | BB15: =SUM(AE15:BA15) -> 29
A16: 30P310154000-001 | I16: 2 | W16: =SUM(B16:V16) -> 2 | X16: 3005 | Y16: 2 | Z16: 0 | AA16: 1 | AB16: #N/A | AC16: #N/A | AE16: 2 | BB16: =SUM(AE16:BA16) -> 2
A17: 30P410178901-501 | H17: 2 | I17: 2 | J17: 3 | K17: 3 | L17: 2 | M17: 1 | N17: 3 | O17: 2 | P17: 2 | Q17: 2 | R17: 2 | S17: 2 | T17: 2 | U17: 1 | W17: =SUM(B17:V17) -> 29 | X17: 3005 | Y17: 0 | Z17: 0 | AA17: 1 | AB17: #N/A | AC17: #N/A | AJ17: 5 | AM17: 12 | AS17: 12 | BB17: =SUM(AE17:BA17) -> 29
A18: 30P312010401-501 | I18: 2 | W18: =SUM(B18:V18) -> 2 | X18: 3005 | Y18: 2 | Z18: 0 | AA18: 1 | AB18: #N/A | AC18: #N/A | AE18: 2 | BB18: =SUM(AE18:BA18) -> 2
A19: 30P331038101-501 | J19: 1 | W19: =SUM(B19:V19) -> 1 | X19: 3005 | Y19: 2 | Z19: 0 | AA19: 1 | AB19: #N/A | AC19: #N/A | AE19: 1 | BB19: =SUM(AE19:BA19) -> 1
A20: 30P460168000-502 | G20: 1 | H20: 2 | I20: 3 | J20: 2 | K20: 3 | L20: 2 | M20: 1 | N20: 2 | O20: 2 | P20: 2 | Q20: 3 | R20: 2 | S20: 2 | T20: 1 | U20: 2 | V20: 2 | W20: =SUM(B20:V20) -> 32 | X20: 3006 | Y20: 1 | Z20: 1 | AA20: 1 | AB20: #N/A | AC20: #N/A | AG20: 11 | AJ20: 12 | AP20: 9 | BB20: =SUM(AE20:BA20) -> 32
A21: 30P450171900-501 | H21: 1 | I21: 3 | J21: 2 | K21: 3 | L21: 2 | M21: 2 | N21: 2 | O21: 2 | P21: 2 | Q21: 2 | R21: 2 | S21: 2 | T21: 2 | U21: 2 | V21: 2 | W21: =SUM(B21:V21) -> 31 | X21: 3006 | Y21: 0 | Z21: 0 | AA21: 1 | AB21: #N/A | AC21: #N/A | AG21: 5 | AJ21: 5 | AL21: 3 | AN21: 12 | AU21: 6 | BB21: =SUM(AE21:BA21) -> 31
A22: 30P450171003-501 | H22: 1 | I22: 3 | J22: 2 | K22: 3 | L22: 2 | M22: 2 | N22: 2 | O22: 2 | P22: 2 | Q22: 2 | R22: 2 | S22: 1 | V22: 2 | W22: =SUM(B22:V22) -> 26 | X22: 3006 | Y22: 0 | Z22: 0 | AA22: 1 | AB22: #N/A | AC22: #N/A | AE22: 1 | AI22: 12 | AO22: 12 | AV22: 1 | BB22: =SUM(AE22:BA22) -> 26
A23: 30P410178702-501 | H23: 1 | I23: 2 | J23: 3 | K23: 3 | L23: 2 | M23: 1 | N23: 3 | O23: 2 | P23: 2 | Q23: 2 | R23: 2 | S23: 2 | T23: 2 | U23: 2 | V23: 2 | W23: =SUM(B23:V23) -> 31 | X23: 3006 | Y23: 0 | Z23: 0 | AA23: 1 | AB23: #N/A | AC23: #N/A | AG23: 12 | AJ23: 4 | AL23: 12 | AS23: 3 | BB23: =SUM(AE23:BA23) -> 31
A24: 30P450171900-502 | I24: 3 | J24: 2 | K24: 3 | L24: 2 | M24: 2 | N24: 2 | O24: 2 | P24: 2 | Q24: 2 | R24: 2 | S24: 2 | T24: 2 | U24: 2 | V24: 2 | W24: =SUM(B24:V24) -> 30 | X24: 3007 | Y24: 1 | Z24: 0 | AA24: 1 | AB24: #N/A | AC24: #N/A | AG24: 9 | AJ24: 5 | AM24: 12 | AS24: 4 | BB24: =SUM(AE24:BA24) -> 30
A25: 30P410133200-002 | I25: 1 | J25: 3 | K25: 3 | L25: 2 | M25: 1 | N25: 3 | O25: 2 | P25: 2 | Q25: 2 | R25: 2 | S25: 2 | T25: 2 | U25: 2 | V25: 2 | W25: =SUM(B25:V25) -> 29 | X25: 3008 | Y25: 2 | Z25: 0 | AA25: 1 | AB25: #N/A | AC25: #N/A | AI25: 5 | AL25: 12 | AR25: 12 | BB25: =SUM(AE25:BA25) -> 29
A26: 30P410179700-501 | I26: 1 | J26: 3 | K26: 3 | L26: 2 | M26: 1 | N26: 3 | O26: 2 | P26: 2 | Q26: 2 | R26: 2 | S26: 2 | T26: 2 | U26: 2 | V26: 2 | W26: =SUM(B26:V26) -> 29 | X26: 3008 | Y26: 2 | Z26: 0 | AA26: 1 | AB26: #N/A | AC26: #N/A | AG26: 7 | AJ26: 5 | AM26: 12 | AS26: 5 | BB26: =SUM(AE26:BA26) -> 29
A27: 30P410118002-501 | J27: 3 | K27: 3 | L27: 2 | M27: 1 | N27: 3 | O27: 2 | P27: 2 | Q27: 2 | R27: 2 | S27: 2 | T27: 2 | U27: 2 | V27: 2 | W27: =SUM(B27:V27) -> 28 | X27: 3008 | Y27: 2 | Z27: 0 | AA27: 1 | AB27: #N/A | AC27: #N/A | AJ27: 5 | AM27: 13 | AS27: 10 | BB27: =SUM(AE27:BA27) -> 28
A28: 30P581601500-501 | J28: 4 | K28: 6 | L28: 4 | M28: 4 | N28: 4 | O28: 4 | P28: 4 | Q28: 4 | R28: 4 | S28: 6 | T28: 2 | U28: 4 | V28: 4 | W28: =SUM(B28:V28) -> 54 | X28: 3009 | Y28: 6 | Z28: 0 | AA28: 2 | AB28: #N/A | AC28: #N/A | AG28: 20 | AK28: 10 | AM28: 24 | BB28: =SUM(AE28:BA28) -> 54
A29: 30P450173200-001 | I29: 3 | J29: 3 | K29: 2 | L29: 2 | M29: 2 | N29: 2 | O29: 2 | P29: 2 | Q29: 2 | R29: 2 | S29: 2 | T29: 2 | U29: 2 | V29: 2 | W29: =SUM(B29:V29) -> 30 | X29: 3009 | Y29: 3 | Z29: 0 | AA29: 1 | AB29: #N/A | AC29: #N/A | AG29: 6 | AH29: 5 | AJ29: 12 | AP29: 7 | BB29: =SUM(AE29:BA29) -> 30
A30: 30P410133200-001 | J30: 3 | K30: 3 | L30: 2 | M30: 1 | N30: 3 | O30: 2 | P30: 2 | Q30: 2 | R30: 2 | S30: 2 | T30: 2 | U30: 2 | V30: 2 | W30: =SUM(B30:V30) -> 28 | X30: 3009 | Y30: 3 | Z30: 0 | AA30: 1 | AB30: #N/A | AC30: #N/A | AG30: 5 | AJ30: 5 | AM30: 12 | AS30: 6 | BB30: =SUM(AE30:BA30) -> 28
A31: 30P450170101-502 | J31: 2 | K31: 3 | L31: 2 | M31: 2 | N31: 2 | O31: 2 | P31: 2 | Q31: 2 | R31: 2 | S31: 3 | T31: 1 | U31: 2 | V31: 2 | W31: =SUM(B31:V31) -> 27 | X31: 3009 | Y31: 3 | Z31: 1 | AA31: 1 | AB31: #N/A | AC31: #N/A | AI31: 12 | AO31: 5 | AQ31: 10 | BB31: =SUM(AE31:BA31) -> 27
A32: 30P450197800-001 | J32: 2 | K32: 2 | L32: 2 | M32: 2 | N32: 2 | O32: 2 | P32: 2 | Q32: 2 | R32: 2 | S32: 3 | T32: 1 | U32: 2 | V32: 2 | W32: =SUM(B32:V32) -> 26 | X32: 3010 | Y32: 4 | Z32: 0 | AA32: 1 | AB32: #N/A | AC32: #N/A | AG32: 8 | AJ32: 4 | AL32: 12 | AR32: 2 | BB32: =SUM(AE32:BA32) -> 26
A33: 30P460161000-501 | I33: 3 | J33: 4 | K33: 6 | L33: 4 | M33: 2 | N33: 4 | O33: 4 | P33: 4 | Q33: 6 | R33: 4 | S33: 4 | T33: 2 | U33: 4 | V33: 4 | W33: =SUM(B33:V33) -> 55 | X33: 3011 | Y33: 11 | Z33: 0 | AA33: 2 | AB33: #N/A | AC33: #N/A | AH33: 22 | AK33: 10 | AM33: 23 | BB33: =SUM(AE33:BA33) -> 55
A34: 30P357207500-501 | M34: 6 | N34: 12 | O34: 8 | P34: 4 | T34: 7 | U34: 8 | V34: 7 | W34: =SUM(B34:V34) -> 52 | X34: 3011 | Y34: 22 | Z34: 0 | AA34: 4 | AB34: #N/A | AC34: #N/A | AI34: 30 | AV34: 22 | BB34: =SUM(AE34:BA34) -> 52
A35: 30P420160001-501 | J35: 2 | K35: 3 | L35: 2 | M35: 2 | N35: 1 | O35: 3 | P35: 2 | Q35: 2 | R35: 2 | S35: 2 | T35: 1 | U35: 2 | V35: 3 | W35: =SUM(B35:V35) -> 27 | X35: 3011 | Y35: 5 | Z35: 0 | AA35: 1 | AB35: #N/A | AC35: #N/A | AI35: 10 | AK35: 12 | AQ35: 5 | BB35: =SUM(AE35:BA35) -> 27
A36: 30P450173001-501 | K36: 3 | L36: 2 | M36: 2 | N36: 2 | O36: 2 | P36: 2 | Q36: 2 | R36: 2 | S36: 2 | T36: 2 | U36: 2 | V36: 2 | W36: =SUM(B36:V36) -> 25 | X36: 3012 | Y36: 6 | Z36: 0 | AA36: 1 | AB36: #N/A | AC36: #N/A | AJ36: 13 | AP36: 12 | BB36: =SUM(AE36:BA36) -> 25
A37: 30P531125500-001 | L37: 2 | M37: 1 | N37: 2 | O37: 2 | P37: 3 | Q37: 2 | R37: 2 | S37: 2 | T37: 1 | U37: 2 | V37: 2 | W37: =SUM(B37:V37) -> 21 | X37: 3013 | Y37: 8 | Z37: 0 | AA37: 1 | AB37: #N/A | AC37: #N/A | AG37: 6 | AI37: 6 | AL37: 6 | AO37: 3 | BB37: =SUM(AE37:BA37) -> 21
A38: 30P450045200-501 | K38: 2 | L38: 2 | M38: 2 | N38: 2 | O38: 2 | P38: 2 | Q38: 2 | R38: 2 | S38: 2 | T38: 2 | U38: 2 | V38: 2 | W38: =SUM(B38:V38) -> 24 | X38: 3013 | Y38: 7 | Z38: 0 | AA38: 1 | AB38: #N/A | AC38: #N/A | AH38: 8 | AL38: 9 | AP38: 7 | BB38: =SUM(AE38:BA38) -> 24
A39: 30P410179600-501 | K39: 2 | L39: 2 | M39: 1 | N39: 3 | O39: 2 | P39: 2 | Q39: 2 | R39: 2 | S39: 2 | T39: 2 | U39: 2 | V39: 2 | W39: =SUM(B39:V39) -> 24 | X39: 3013 | Y39: 7 | Z39: 0 | AA39: 1 | AB39: #N/A | AC39: #N/A | AH39: 1 | AI39: 5 | AK39: 12 | AQ39: 6 | BB39: =SUM(AE39:BA39) -> 24
A40: 30P450193101-501 | K40: 1 | L40: 1 | W40: =SUM(B40:V40) -> 2 | X40: 3013 | Y40: 7 | Z40: 0 | AA40: 1 | AB40: #N/A | AC40: #N/A | AH40: 2 | BB40: =SUM(AE40:BA40) -> 2
A41: 30P410132002-501 | K41: 2 | L41: 2 | M41: 1 | N41: 3 | O41: 2 | P41: 2 | Q41: 2 | R41: 2 | S41: 2 | T41: 2 | U41: 2 | V41: 2 | W41: =SUM(B41:V41) -> 24 | X41: 3013 | Y41: 7 | Z41: 0 | AA41: 1 | AB41: #N/A | AC41: #N/A | AG41: 1 | AH41: 5 | AM41: 12 | AS41: 6 | BB41: =SUM(AE41:BA41) -> 24
A42: 30P450025601-001 | J42: 1 | K42: 2 | L42: 2 | M42: 2 | N42: 2 | O42: 2 | P42: 2 | Q42: 2 | R42: 2 | S42: 2 | T42: 2 | U42: 2 | V42: 2 | W42: =SUM(B42:V42) -> 25 | X42: 3013 | Y42: 7 | Z42: 0 | AA42: 1 | AB42: #N/A | AC42: #N/A | AG42: 12 | AM42: 12 | AT42: 1 | BB42: =SUM(AE42:BA42) -> 25
A43: 30P420170000-001 | M43: 6 | N43: 6 | O43: 6 | P43: 6 | Q43: 6 | R43: 6 | S43: 9 | T43: 3 | U43: 6 | V43: 6 | W43: =SUM(B43:V43) -> 60 | X43: 3014 | Y43: 16 | Z43: 0 | AA43: 3 | AB43: #N/A | AC43: #N/A | AK43: 15 | AM43: 36 | AS43: 9 | BB43: =SUM(AE43:BA43) -> 60
A44: 30P783301000-501 | N44: 3 | O44: 4 | P44: 4 | Q44: 4 | R44: 4 | S44: 4 | T44: 4 | U44: 4 | V44: 4 | W44: =SUM(B44:V44) -> 35 | X44: 3014 | Y44: 17 | Z44: 0 | AA44: 2 | AB44: #N/A | AC44: #N/A | AJ44: 24 | AP44: 11 | BB44: =SUM(AE44:BA44) -> 35
A45: 30P410176600-001 | K45: 5 | L45: 4 | M45: 2 | N45: 4 | O45: 4 | P45: 6 | Q45: 4 | R45: 4 | S45: 4 | T45: 2 | U45: 4 | V45: 4 | W45: =SUM(B45:V45) -> 47 | X45: 3014 | Y45: 17 | Z45: 0 | AA45: 2 | AB45: #N/A | AC45: #N/A | AG45: 2 | AI45: 30 | AJ45: 1 | AQ45: 14 | BB45: =SUM(AE45:BA45) -> 47
A46: 30P450045200-502 | K46: 1 | L46: 2 | M46: 2 | N46: 2 | O46: 2 | P46: 2 | Q46: 2 | R46: 2 | S46: 2 | T46: 2 | U46: 2 | V46: 2 | W46: =SUM(B46:V46) -> 23 | X46: 3014 | Y46: 8 | Z46: 0 | AA46: 1 | AB46: #N/A | AC46: #N/A | AH46: 4 | AJ46: 12 | AP46: 5 | AR46: 2 | BB46: =SUM(AE46:BA46) -> 23
A47: 30P450175300-001 | J47: 1 | K47: 2 | L47: 2 | M47: 2 | N47: 2 | O47: 2 | P47: 2 | Q47: 2 | R47: 2 | S47: 2 | T47: 2 | U47: 2 | V47: 2 | W47: =SUM(B47:V47) -> 25 | X47: 3014 | Y47: 8 | Z47: 0 | AA47: 1 | AB47: #N/A | AC47: #N/A | AG47: 4 | AI47: 3 | AK47: 12 | AQ47: 6 | BB47: =SUM(AE47:BA47) -> 25
A48: 30P410128002-501 | K48: 1 | L48: 2 | M48: 1 | N48: 3 | O48: 2 | P48: 2 | Q48: 2 | R48: 2 | S48: 2 | T48: 2 | U48: 2 | V48: 2 | W48: =SUM(B48:V48) -> 23 | X48: 3014 | Y48: 8 | Z48: 0 | AA48: 1 | AB48: #N/A | AC48: #N/A | AJ48: 5 | AM48: 12 | AS48: 6 | BB48: =SUM(AE48:BA48) -> 23
A49: 30P450025501-001 | K49: 2 | L49: 2 | M49: 2 | N49: 2 | O49: 2 | P49: 2 | Q49: 2 | R49: 2 | S49: 2 | T49: 2 | U49: 2 | V49: 2 | W49: =SUM(B49:V49) -> 24 | X49: 3014 | Y49: 8 | Z49: 0 | AA49: 1 | AB49: #N/A | AC49: #N/A | AH49: 12 | AN49: 4 | AP49: 8 | BB49: =SUM(AE49:BA49) -> 24
A50: 30P450161200-001 | L50: 1 | M50: 2 | N50: 2 | O50: 2 | P50: 2 | Q50: 2 | R50: 2 | S50: 3 | T50: 1 | U50: 2 | V50: 2 | W50: =SUM(B50:V50) -> 21 | X50: 3015 | Y50: 9 | Z50: 0 | AA50: 1 | AB50: #N/A | AC50: #N/A | AI50: 5 | AK50: 12 | AS50: 4 | BB50: =SUM(AE50:BA50) -> 21
A51: 30P450161300-002 | L51: 1 | M51: 2 | N51: 2 | O51: 2 | P51: 2 | Q51: 2 | R51: 2 | S51: 3 | T51: 1 | U51: 2 | V51: 2 | W51: =SUM(B51:V51) -> 21 | X51: 3015 | Y51: 9 | Z51: 0 | AA51: 1 | AB51: #N/A | AC51: #N/A | AI51: 5 | AK51: 3 | AM51: 13 | BB51: =SUM(AE51:BA51) -> 21
A52: 30P410022100-502 | M52: 2 | N52: 2 | O52: 2 | P52: 2 | Q52: 2 | R52: 2 | S52: 3 | T52: 1 | U52: 2 | V52: 2 | W52: =SUM(B52:V52) -> 20 | X52: 3015 | Y52: 9 | Z52: 0 | AA52: 1 | AB52: #N/A | AC52: #N/A | AG52: 1 | AI52: 1 | AJ52: 2 | AK52: 12 | AQ52: 4 | BB52: =SUM(AE52:BA52) -> 20
A53: 30P450024100-501 | K53: 1 | L53: 2 | M53: 2 | N53: 2 | O53: 2 | P53: 2 | Q53: 2 | R53: 2 | S53: 2 | T53: 2 | U53: 2 | V53: 2 | W53: =SUM(B53:V53) -> 23 | X53: 3015 | Y53: 9 | Z53: 0 | AA53: 1 | AB53: #N/A | AC53: #N/A | AG53: 8 | AI53: 13 | AO53: 2 | BB53: =SUM(AE53:BA53) -> 23
A54: 30P357308700-001 | N54: 4 | O54: 8 | P54: 8 | Q54: 8 | R54: 8 | S54: 8 | T54: 8 | U54: 8 | V54: 8 | W54: =SUM(B54:V54) -> 68 | X54: 3015 | Y54: 36 | Z54: 0 | AA54: 4 | AB54: #N/A | AC54: #N/A | AH54: 12 | AJ54: 12 | AK54: 12 | AM54: 12 | AN54: 12 | AP54: 8 | BB54: =SUM(AE54:BA54) -> 68
A55: 30P357308900-001 | N55: 4 | O55: 8 | P55: 8 | Q55: 8 | R55: 8 | S55: 8 | T55: 8 | U55: 8 | V55: 8 | W55: =SUM(B55:V55) -> 68 | X55: 3015 | Y55: 36 | Z55: 0 | AA55: 4 | AB55: #N/A | AC55: #N/A | AH55: 12 | AJ55: 12 | AK55: 12 | AM55: 12 | AN55: 12 | AP55: 8 | BB55: =SUM(AE55:BA55) -> 68
A56: 30P357309000-001 | N56: 2 | O56: 4 | P56: 4 | Q56: 4 | R56: 4 | S56: 4 | T56: 4 | U56: 4 | V56: 4 | W56: =SUM(B56:V56) -> 34 | X56: 3015 | Y56: 18 | Z56: 0 | AA56: 2 | AB56: #N/A | AC56: #N/A | AH56: 6 | AJ56: 6 | AK56: 6 | AM56: 6 | AN56: 6 | AP56: 4 | BB56: =SUM(AE56:BA56) -> 34
A57: 30P450173001-502 | L57: 2 | M57: 2 | N57: 2 | O57: 2 | P57: 2 | Q57: 2 | R57: 2 | S57: 2 | T57: 2 | U57: 2 | V57: 2 | W57: =SUM(B57:V57) -> 22 | X57: 3015 | Y57: 9 | Z57: 0 | AA57: 1 | AB57: #N/A | AC57: #N/A | AJ57: 5 | AL57: 12 | AR57: 5 | BB57: =SUM(AE57:BA57) -> 22
A58: 30P410126002-501 | L58: 2 | M58: 1 | N58: 3 | O58: 2 | P58: 2 | Q58: 2 | R58: 2 | S58: 2 | T58: 2 | U58: 2 | V58: 2 | W58: =SUM(B58:V58) -> 22 | X58: 3015 | Y58: 9 | Z58: 0 | AA58: 1 | AB58: #N/A | AC58: #N/A | AG58: 4 | AJ58: 5 | AM58: 12 | AS58: 1 | BB58: =SUM(AE58:BA58) -> 22
A59: 30P582601000-501 | N59: 3 | O59: 4 | P59: 4 | Q59: 4 | R59: 4 | S59: 6 | T59: 2 | U59: 4 | V59: 4 | W59: =SUM(B59:V59) -> 35 | X59: 3016 | Y59: 21 | Z59: 0 | AA59: 2 | AB59: #N/A | AC59: #N/A | AH59: 1 | AK59: 10 | AM59: 24 | BB59: =SUM(AE59:BA59) -> 35
A60: 30P450044400-001 | M60: 1 | N60: 2 | O60: 2 | P60: 2 | Q60: 2 | R60: 2 | S60: 3 | T60: 1 | U60: 2 | V60: 2 | W60: =SUM(B60:V60) -> 19 | X60: 3016 | Y60: 10 | Z60: 0 | AA60: 1 | AB60: #N/A | AC60: #N/A | AJ60: 3 | AK60: 4 | AM60: 4 | AO60: 4 | AQ60: 4 | BB60: =SUM(AE60:BA60) -> 19
A61: SP3M003P7-006 | N61: 15 | O61: 16 | P61: 16 | Q61: 16 | R61: 16 | S61: 24 | T61: 8 | U61: 16 | V61: 16 | W61: =SUM(B61:V61) -> 143 | X61: 3016 | Y61: 81 | Z61: 0 | AA61: 8 | AB61: #N/A | AC61: #N/A | AH61: 25 | AI61: 48 | AL61: 48 | AO61: 22 | BB61: =SUM(AE61:BA61) -> 143
A62: 30P410181801-001 | L62: 2 | M62: 2 | N62: 2 | O62: 2 | P62: 2 | Q62: 2 | R62: 2 | S62: 2 | T62: 2 | U62: 2 | V62: 2 | W62: =SUM(B62:V62) -> 22 | X62: 3016 | Y62: 10 | Z62: 0 | AA62: 1 | AB62: #N/A | AC62: #N/A | AH62: 3 | AJ62: 12 | AP62: 7 | BB62: =SUM(AE62:BA62) -> 22
A63: 30P410038900-502 | L63: 1 | M63: 1 | N63: 3 | O63: 2 | P63: 2 | Q63: 2 | R63: 2 | S63: 2 | T63: 2 | U63: 2 | V63: 2 | W63: =SUM(B63:V63) -> 21 | X63: 3016 | Y63: 10 | Z63: 0 | AA63: 1 | AB63: #N/A | AC63: #N/A | AI63: 4 | AK63: 12 | AQ63: 5 | BB63: =SUM(AE63:BA63) -> 21
A64: 30P450185101-001 | L64: 1 | M64: 2 | N64: 2 | O64: 2 | P64: 2 | Q64: 2 | R64: 2 | S64: 2 | T64: 2 | U64: 2 | V64: 2 | W64: =SUM(B64:V64) -> 21 | X64: 3016 | Y64: 10 | Z64: 0 | AA64: 1 | AB64: #N/A | AC64: #N/A | AG64: 1 | AI64: 1 | AJ64: 13 | AP64: 6 | BB64: =SUM(AE64:BA64) -> 21
A65: 30P450185101-002 | L65: 1 | M65: 2 | N65: 2 | O65: 2 | P65: 2 | Q65: 2 | R65: 2 | S65: 2 | T65: 2 | U65: 2 | V65: 2 | W65: =SUM(B65:V65) -> 21 | X65: 3016 | Y65: 10 | Z65: 0 | AA65: 1 | AB65: #N/A | AC65: #N/A | AG65: 1 | AI65: 1 | AJ65: 13 | AP65: 6 | BB65: =SUM(AE65:BA65) -> 21
A66: 30P450177100-001 | L66: 1 | M66: 2 | N66: 2 | O66: 2 | P66: 2 | Q66: 2 | R66: 2 | S66: 2 | T66: 2 | U66: 2 | V66: 2 | W66: =SUM(B66:V66) -> 21 | X66: 3016 | Y66: 10 | Z66: 0 | AA66: 1 | AB66: #N/A | AC66: #N/A | AG66: 3 | AO66: 11 | AP66: 7 | BB66: =SUM(AE66:BA66) -> 21
A67: 30P420166001-501 | L67: 2 | M67: 2 | N67: 1 | O67: 3 | P67: 2 | Q67: 2 | R67: 2 | S67: 2 | T67: 1 | U67: 2 | V67: 3 | W67: =SUM(B67:V67) -> 22 | X67: 3016 | Y67: 10 | Z67: 0 | AA67: 1 | AB67: 201634303 | AC67: 38 | AJ67: 4 | AL67: 12 | AS67: 6 | BB67: =SUM(AE67:BA67) -> 22
A68: 30P310029000-007 | P68: 3 | Q68: 4 | R68: 4 | S68: 6 | T68: 2 | U68: 4 | V68: 4 | W68: =SUM(B68:V68) -> 27 | X68: 3017 | Y68: 23 | Z68: 0 | AA68: 2 | AB68: #N/A | AC68: #N/A | AL68: 12 | AO68: 3 | AP68: 12 | BB68: =SUM(AE68:BA68) -> 27
A69: 30P410036600-001 | L69: 1 | M69: 2 | N69: 1 | O69: 3 | P69: 2 | Q69: 2 | R69: 2 | S69: 2 | T69: 1 | U69: 2 | V69: 3 | W69: =SUM(B69:V69) -> 21 | X69: 3017 | Y69: 11 | Z69: 0 | AA69: 1 | AB69: #N/A | AC69: #N/A | AJ69: 12 | AP69: 9 | BB69: =SUM(AE69:BA69) -> 21
A70: 30P583610100-001 | N70: 1 | O70: 2 | P70: 2 | Q70: 2 | R70: 2 | S70: 3 | T70: 1 | U70: 2 | V70: 2 | W70: =SUM(B70:V70) -> 17 | X70: 3017 | Y70: 11 | Z70: 0 | AA70: 1 | AB70: #N/A | AC70: #N/A | AJ70: 3 | AK70: 1 | AL70: 4 | AM70: 9 | BB70: =SUM(AE70:BA70) -> 17
A71: 30P450175100-501 | M71: 2 | N71: 2 | O71: 2 | P71: 2 | Q71: 2 | R71: 2 | S71: 2 | T71: 2 | U71: 2 | V71: 2 | W71: =SUM(B71:V71) -> 20 | X71: 3017 | Y71: 11 | Z71: 0 | AA71: 1 | AB71: #N/A | AC71: #N/A | AI71: 2 | AJ71: 12 | AP71: 6 | BB71: =SUM(AE71:BA71) -> 20
A72: 30P450155000-502 | M72: 2 | N72: 2 | O72: 2 | P72: 2 | Q72: 2 | R72: 2 | S72: 2 | T72: 2 | U72: 2 | V72: 2 | W72: =SUM(B72:V72) -> 20 | X72: 3017 | Y72: 12 | Z72: 0 | AA72: 1 | AB72: #N/A | AC72: #N/A | AJ72: 5 | AL72: 12 | AR72: 3 | BB72: =SUM(AE72:BA72) -> 20
A73: 30P410038900-501 | M73: 1 | N73: 3 | O73: 2 | P73: 2 | Q73: 2 | R73: 2 | S73: 2 | T73: 2 | U73: 2 | V73: 2 | W73: =SUM(B73:V73) -> 20 | X73: 3017 | Y73: 11 | Z73: 0 | AA73: 1 | AB73: #N/A | AC73: #N/A | AJ73: 5 | AM73: 12 | AS73: 3 | BB73: =SUM(AE73:BA73) -> 20
A74: 30P410178501-501 | M74: 1 | N74: 3 | O74: 2 | P74: 2 | Q74: 2 | R74: 2 | S74: 2 | T74: 2 | U74: 2 | V74: 2 | W74: =SUM(B74:V74) -> 20 | X74: 3017 | Y74: 11 | Z74: 0 | AA74: 1 | AB74: #N/A | AC74: #N/A | AI74: 2 | AJ74: 5 | AM74: 12 | AS74: 1 | BB74: =SUM(AE74:BA74) -> 20
A75: 30P450024100-502 | L75: 1 | M75: 2 | N75: 2 | O75: 2 | P75: 2 | Q75: 2 | R75: 2 | S75: 2 | T75: 2 | U75: 2 | V75: 2 | W75: =SUM(B75:V75) -> 21 | X75: 3017 | Y75: 11 | Z75: 0 | AA75: 1 | AB75: #N/A | AC75: #N/A | AI75: 3 | AK75: 12 | AQ75: 6 | BB75: =SUM(AE75:BA75) -> 21
A76: 30P430212200-501 | M76: 2 | N76: 2 | O76: 2 | P76: 2 | Q76: 2 | R76: 2 | S76: 2 | T76: 2 | U76: 2 | V76: 2 | W76: =SUM(B76:V76) -> 20 | X76: 3017 | Y76: 11 | Z76: 0 | AA76: 1 | AB76: #N/A | AC76: #N/A | AI76: 5 | AM76: 12 | AS76: 3 | BB76: =SUM(AE76:BA76) -> 20
A77: 30P410177300-501 | M77: 1 | N77: 3 | O77: 2 | P77: 2 | Q77: 2 | R77: 2 | S77: 2 | T77: 2 | U77: 2 | V77: 2 | W77: =SUM(B77:V77) -> 20 | X77: 3017 | Y77: 11 | Z77: 0 | AA77: 1 | AB77: #N/A | AC77: #N/A | AI77: 5 | AL77: 12 | AS77: 3 | BB77: =SUM(AE77:BA77) -> 20
A78: 30P430113401-501 | M78: 1 | N78: 2 | O78: 2 | P78: 2 | Q78: 2 | R78: 2 | S78: 3 | T78: 1 | U78: 2 | V78: 2 | W78: =SUM(B78:V78) -> 19 | X78: 3017 | Y78: 11 | Z78: 0 | AA78: 1 | AB78: #N/A | AC78: #N/A | AJ78: 2 | AK78: 12 | AQ78: 5 | BB78: =SUM(AE78:BA78) -> 19
A79: 30P420180100-001 | L79: 2 | M79: 6 | N79: 3 | O79: 9 | P79: 6 | Q79: 6 | R79: 6 | S79: 6 | T79: 3 | U79: 6 | V79: 9 | W79: =SUM(B79:V79) -> 62 | X79: 3017 | Y79: 34 | Z79: 0 | AA79: 3 | AB79: #N/A | AC79: #N/A | AG79: 5 | AI79: 12 | AK79: 12 | AM79: 12 | AP79: 12 | AQ79: 9 | BB79: =SUM(AE79:BA79) -> 62
A80: 30P450039500-001 | P80: 49 | Q80: 208 | R80: 67 | W80: =SUM(B80:V80) -> 324 | X80: 3017 | Y80: 1443 | Z80: 0 | AA80: 104 | AB80: #N/A | AC80: #N/A | AI80: 315 | AO80: 9 | BB80: =SUM(AE80:BA80) -> 324
A81: 30P331074600-501 | P81: 2 | Q81: 2 | R81: 2 | S81: 3 | T81: 1 | U81: 2 | V81: 2 | W81: =SUM(B81:V81) -> 14 | X81: 3017 | Y81: 11 | Z81: 0 | AA81: 1 | AB81: #N/A | AC81: #N/A | AM81: 13 | AS81: 1 | BB81: =SUM(AE81:BA81) -> 14
A82: 30P410133002-501 | M82: 1 | N82: 3 | O82: 2 | P82: 2 | Q82: 2 | R82: 2 | S82: 2 | T82: 2 | U82: 2 | V82: 2 | W82: =SUM(B82:V82) -> 20 | X82: 3017 | Y82: 11 | Z82: 0 | AA82: 1 | AB82: #N/A | AC82: #N/A | AG82: 1 | AJ82: 3 | AM82: 12 | AS82: 4 | BB82: =SUM(AE82:BA82) -> 20
A83: 30P283331102-001 | O83: 2 | P83: 2 | Q83: 2 | R83: 2 | S83: 2 | T83: 1 | U83: 2 | V83: 2 | W83: =SUM(B83:V83) -> 15 | X83: 3017 | Y83: 11 | Z83: 0 | AA83: 1 | AB83: #N/A | AC83: #N/A | AG83: 1 | AL83: 13 | AS83: 1 | BB83: =SUM(AE83:BA83) -> 15
A84: SP3M003P6-007 | N84: 8 | O84: 8 | P84: 8 | Q84: 8 | R84: 8 | S84: 12 | T84: 4 | U84: 8 | V84: 8 | W84: =SUM(B84:V84) -> 72 | X84: 3017 | Y84: 44 | Z84: 0 | AA84: 4 | AB84: #N/A | AC84: #N/A | AH84: 32 | AK84: 24 | AO84: 16 | BB84: =SUM(AE84:BA84) -> 72
A85: 30P531149000-501 | P85: 2 | Q85: 2 | R85: 2 | S85: 2 | T85: 2 | U85: 2 | V85: 2 | W85: =SUM(B85:V85) -> 14 | X85: 3018 | Y85: 8 | Z85: 0 | AA85: 1 | AB85: #N/A | AC85: #N/A | AJ85: 1 | AM85: 6 | AP85: 6 | AS85: 1 | BB85: =SUM(AE85:BA85) -> 14
A86: 30P410192202-001 | N86: 4 | O86: 4 | P86: 4 | Q86: 4 | R86: 4 | S86: 4 | T86: 4 | U86: 4 | V86: 4 | W86: =SUM(B86:V86) -> 36 | X86: 3018 | Y86: 21 | Z86: 0 | AA86: 2 | AB86: #N/A | AC86: #N/A | AI86: 8 | AL86: 8 | AN86: 8 | AP86: 8 | AR86: 4 | BB86: =SUM(AE86:BA86) -> 36
A87: 30P357207600-501 | P87: 16 | Q87: 16 | R87: 16 | S87: 16 | T87: 16 | U87: 16 | V87: 16 | W87: =SUM(B87:V87) -> 112 | X87: 3018 | Y87: 94 | Z87: 0 | AA87: 8 | AB87: #N/A | AC87: #N/A | AL87: 32 | AN87: 32 | AP87: 32 | AR87: 16 | BB87: =SUM(AE87:BA87) -> 112
A88: 30P531123200-001 | O88: 4 | P88: 6 | Q88: 4 | R88: 4 | S88: 4 | T88: 2 | U88: 4 | V88: 4 | W88: =SUM(B88:V88) -> 32 | X88: 3018 | Y88: 30 | Z88: 0 | AA88: 2 | AB88: #N/A | AC88: #N/A | AI88: 14 | AL88: 12 | AO88: 6 | BB88: =SUM(AE88:BA88) -> 32
A89: 30P410022100-501 | N89: 1 | O89: 2 | P89: 2 | Q89: 2 | R89: 2 | S89: 3 | T89: 1 | U89: 2 | V89: 2 | W89: =SUM(B89:V89) -> 17 | X89: 3018 | Y89: 12 | Z89: 0 | AA89: 1 | AB89: #N/A | AC89: #N/A | AK89: 12 | AQ89: 5 | BB89: =SUM(AE89:BA89) -> 17
A90: 30P450161200-002 | N90: 2 | O90: 2 | P90: 2 | Q90: 2 | R90: 2 | S90: 3 | T90: 1 | U90: 2 | V90: 2 | W90: =SUM(B90:V90) -> 18 | X90: 3018 | Y90: 12 | Z90: 0 | AA90: 1 | AB90: #N/A | AC90: #N/A | AJ90: 3 | AL90: 13 | AR90: 2 | BB90: =SUM(AE90:BA90) -> 18
A91: 30P450171600-001 | N91: 8 | O91: 8 | P91: 8 | Q91: 8 | R91: 8 | S91: 12 | T91: 4 | U91: 8 | V91: 8 | W91: =SUM(B91:V91) -> 72 | X91: 3018 | Y91: 48 | Z91: 0 | AA91: 4 | AB91: #N/A | AC91: #N/A | AJ91: 20 | AM91: 49 | AS91: 3 | BB91: =SUM(AE91:BA91) -> 72
A92: 30P410031500-001 | M92: 2 | N92: 1 | O92: 3 | P92: 2 | Q92: 2 | R92: 2 | S92: 2 | T92: 1 | U92: 2 | V92: 3 | W92: =SUM(B92:V92) -> 20 | X92: 3018 | Y92: 12 | Z92: 0 | AA92: 1 | AB92: #N/A | AC92: #N/A | AG92: 1 | AJ92: 12 | AP92: 7 | BB92: =SUM(AE92:BA92) -> 20
A93: 30P410181600-001 | M93: 2 | N93: 2 | O93: 2 | P93: 2 | Q93: 2 | R93: 2 | S93: 2 | T93: 2 | U93: 2 | V93: 2 | W93: =SUM(B93:V93) -> 20 | X93: 3018 | Y93: 12 | Z93: 0 | AA93: 2 | AB93: #N/A | AC93: #N/A | AI93: 2 | AJ93: 3 | AL93: 12 | AR93: 3 | BB93: =SUM(AE93:BA93) -> 20
A94: 30P355126700-001 | Q94: 17 | R94: 32 | S94: 48 | T94: 16 | U94: 32 | V94: 32 | W94: =SUM(B94:V94) -> 177 | X94: 3018 | Y94: 215 | Z94: 0 | AA94: 16 | AB94: #N/A | AC94: #N/A | AM94: 64 | AO94: 64 | AQ94: 49 | BB94: =SUM(AE94:BA94) -> 177
A95: 30P430211100-501 | N95: 2 | O95: 2 | P95: 2 | Q95: 2 | R95: 2 | S95: 3 | T95: 1 | U95: 2 | V95: 2 | W95: =SUM(B95:V95) -> 18 | X95: 3018 | Y95: 12 | Z95: 0 | AA95: 1 | AB95: #N/A | AC95: #N/A | AJ95: 5 | AM95: 12 | AS95: 1 | BB95: =SUM(AE95:BA95) -> 18
A96: 30P430211200-501 | N96: 1 | O96: 2 | P96: 2 | Q96: 2 | R96: 2 | S96: 3 | T96: 1 | U96: 2 | V96: 2 | W96: =SUM(B96:V96) -> 17 | X96: 3018 | Y96: 12 | Z96: 0 | AA96: 1 | AB96: #N/A | AC96: #N/A | AK96: 3 | AL96: 1 | AM96: 12 | AS96: 1 | BB96: =SUM(AE96:BA96) -> 17
A97: 30P410022300-502 | N97: 10 | O97: 24 | P97: 24 | Q97: 24 | R97: 24 | S97: 36 | T97: 12 | U97: 24 | V97: 24 | W97: =SUM(B97:V97) -> 202 | X97: 3018 | Y97: 146 | Z97: 0 | AA97: 12 | AB97: #N/A | AC97: #N/A | AK97: 58 | AM97: 48 | AO97: 48 | AQ97: 48 | BB97: =SUM(AE97:BA97) -> 202
A98: 30P430212200-502 | M98: 1 | N98: 2 | O98: 2 | P98: 2 | Q98: 2 | R98: 2 | S98: 2 | T98: 2 | U98: 2 | V98: 2 | W98: =SUM(B98:V98) -> 19 | X98: 3018 | Y98: 12 | Z98: 0 | AA98: 1 | AB98: #N/A | AC98: #N/A | AJ98: 4 | AL98: 13 | AR98: 2 | BB98: =SUM(AE98:BA98) -> 19
A99: 30P450174901-501 | M99: 1 | N99: 2 | O99: 2 | P99: 2 | Q99: 2 | R99: 2 | S99: 2 | T99: 2 | U99: 2 | V99: 2 | W99: =SUM(B99:V99) -> 19 | X99: 3018 | Y99: 12 | Z99: 0 | AA99: 1 | AB99: #N/A | AC99: #N/A | AK99: 1 | AL99: 2 | AM99: 12 | AS99: 4 | BB99: =SUM(AE99:BA99) -> 19
A100: 30P450174701-501 | M100: 1 | N100: 2 | O100: 2 | P100: 2 | Q100: 2 | R100: 2 | S100: 2 | T100: 2 | U100: 2 | V100: 2 | W100: =SUM(B100:V100) -> 19 | X100: 3018 | Y100: 12 | Z100: 0 | AA100: 1 | AB100: #N/A | AC100: #N/A | AJ100: 4 | AL100: 13 | AR100: 2 | BB100: =SUM(AE100:BA100) -> 19
...

Sheet דוח מימד
A1: מקרא: צבע בת.הזמנה:
B2: מאחר באספקה
B3: אספקה 2026
A4: 46388 | B4: אספקה2027
A6: PN | B6: Description | C6: מטוס | D6: מטוס ישן | E6: כמות מינימום באספקה | F6: כמות למטוס | G6: מטוס מכסה | H6: סוג מכונה | I6: תחילת ייצור | J6: יציאה לתהליכים 1 | K6: מועד אספקה תהליכים 1 | L6: מועד אספקה תהליכים 2 | M6: ספק תהליכים | N6: הרכבה | O6: צפי אספקה נכון ל25/08 | P6: תאריך הזמנה במערכת | Q6: DDP1 | R6: הערות 25/08/26
A7: 30P331038101-501 | B7: GUIDE | C7: =VLOOKUP(A7,קוביות!A:X,24,0) -> 3005 | D7: 2342 | E7: 12 | I7: =VLOOKUP(A7,'[1]תכנית ייצור'!$D:$H,5,0) -> #N/A | J7: =I7+6 -> #N/A | O7: סופק הכל | P7: סופק הכל | R7: סופק הכל -אין יותר יתרות
A8: 32G410124000-501 | C8: =VLOOKUP(A8,קוביות!A:X,24,0) -> 3019 | D8: 3019 | E8: 16 | F8: 1 | G8: =#REF!+(E8/F8) -> #REF! | I8: V | J8: 46252 | K8: =J8+16 -> 46268 | L8: 46238 | M8: לאסק | O8: 46245 | P8: 46246 | R8: סופק 16/08 ב11/08
A9: 30P410170101-501 | B9: FITTING ASSEMBLY LOWER H/S TRIM ACTUATOR | C9: =VLOOKUP(A9,קוביות!A:X,24,0) -> 2340 | D9: 2340 | E9: 4 | I9: 46152 | J9: V | K9: V | L9: V | M9: לאסק | N9: 3-4 ימים | O9: 46247 | P9: 46251 | R9: סופק 4 יח ב13/08
A10: 30P331026600-005 | B10: CONTOURED WASHER | C10: =VLOOKUP(A10,קוביות!A:X,24,0) -> 2342 | D10: 2342 | E10: 12 | F10: 1 | G10: =#REF!+(E10/F10) -> #REF! | I10: 46183 | J10: 46189 | K10: TBD | L10: אין | M10: תעשייה אווירית | N10: אין | O10: 46254 | P10: =VLOOKUP(A10,'הזמנות פתוחות'!A:D,4,0) -> 46258 | Q10: DDP1 | R10: סופק ב24/08
A11: 30P788311300-001 | C11: טכנולוגיות | D11: טכנולוגיות | E11: 40 | F11: 1 | G11: =#REF!+(E11/F11) -> #REF! | I11: 46101 | J11: #N/A | K11: =J11+16 -> #N/A | L11: אין | M11: אין | N11: אין | O11: 46261 | P11: =VLOOKUP(A11,'הזמנות פתוחות'!A:D,4,0) -> 46204 | R11: אושר למכירה ממתין לאישור ASN
A12: 4AS2830012-001 | C12: =VLOOKUP(A12,קוביות!A:X,24,0) -> 3025 | D12: 3025 | E12: כל ההזמנות | F12: 1 | G12: =#REF!+(E12/F12) -> #REF! | I12: V | J12: V | K12: V | M12: הלברג פסיבציה | O12: 46261 | P12: =VLOOKUP(A12,'הזמנות פתוחות'!A:D,4,0) -> 46434 | R12: אושר למכירה ממתין לאישור ASN
A13: 30P647002200-001 | E13: 16 | O13: 46261 | P13: 46448 | R13: אושר למכירה ממתין לאישור ASN
A14: 30P647002200-002 | E14: 16 | O14: 46261 | P14: 46408 | R14: אושר למכירה ממתין לאישור ASN
A15: 30P357309000-001 | C15: =VLOOKUP(A15,קוביות!A:X,24,0) -> 3015 | D15: 3015 | E15: כל ההזמנות | F15: 1 | G15: =#REF!+(E15/F15) -> #REF! | I15: V | J15: V | K15: V | M15: 0 | N15: אין | O15: 46261 | P15: =VLOOKUP(A15,'הזמנות פתוחות'!A:D,4,0) -> 46247 | R15: אושר למכירה ממתין לאישור ASN
A16: 28141-000-00 | C16: טכנולוגיות | D16: טכנולוגיות | E16: 10 | I16: 46180 | J16: V | K16: 46243 | M16: נדיב -צפי סיום 06/08 לפי תשובה של ספק | O16: 46261 | P16: 46569 | R16: אושר למכירה ממתין לאישור ASN
A17: 30P357308800-001 | B17: RING SEAL POWER CABLE AFT BLKD | C17: =VLOOKUP(A17,קוביות!A:X,24,0) -> 3024 | D17: 3024 | E17: 144 | I17: V | J17: V | M17: 0 | O17: 46261 | P17: =VLOOKUP(A17,'הזמנות פתוחות'!A:D,4,0) -> 46377 | R17: אושר למכירה ממתין לאישור ASN
A18: 30P357207500-501 | B18: SUPPORT ASSY 1.5IN CLAMP-ECS AFT | C18: =VLOOKUP(A18,קוביות!A:X,24,0) -> 3011 | D18: 3011 | E18: 52 | F18: 1 | G18: =#REF!+(E18/F18) -> #REF! | H18: 4 צירים | I18: V | J18: 46246 | K18: 46258 | M18: אביג | N18: 3-4 ימים | O18: 46261 | P18: =VLOOKUP(A18,'הזמנות פתוחות'!A:D,4,0) -> 46266 | R18: ממתין לעדכון תאריך -לפני ASN
A19: 30P410128002-501 | B19: REAR RIB 7 ASSEMBLY | C19: =VLOOKUP(A19,קוביות!A:X,24,0) -> 3014 | D19: 3014 | E19: 8 | F19: 1 | G19: =#REF!+(E19/F19) -> #REF! | I19: 46180 | J19: 46238 | K19: 46246 | L19: 46258 | M19: לאסק | O19: 46261 | P19: =VLOOKUP(A19,'הזמנות פתוחות'!A:D,4,0) -> 46261 | R19: ממתין לעדכון תאריך -לפני ASN
A20: 30P450170101-501 | B20: FITTING 1 HSTA UPPER ATTACH FRONT ASSY L | C20: =VLOOKUP(A20,קוביות!A:X,24,0) -> 2341 | D20: 2341 | E20: 1 | I20: V | J20: נמצא בתיקון | K20: 46258 | M20: לאסק -צפי סיום 23/08 | O20: 46261 | P20: 46235 | R20: ממתין לעדכון תאריך -לפני ASN
A21: 30P141236900-501 | B21: COAT ROD AFT FITTING ASSY | C21: טכנולוגיות | D21: #N/A | E21: 2 | F21: 1 | G21: =#REF!+(E21/F21) -> #REF! | I21: 46201 | J21: 46237 | K21: =J21+16 -> 46253 | L21: אין | M21: אביג | N21: 3-4 ימים | O21: 46261 | P21: =VLOOKUP(A21,'הזמנות פתוחות'!A:D,4,0) -> 46253 | Q21: DDP1 | R21: מוכן ממתין למבקר
A22: 30A2520697-001 | C22: טכנולוגיות | D22: טכנולוגיות | E22: 60 | F22: 1 | G22: =#REF!+(E22/F22) -> #REF! | I22: #N/A | J22: 46238 | K22: 46250 | M22: הלברג | O22: ממתין לאישור | P22: =VLOOKUP(A22,'הזמנות פתוחות'!A:D,4,0) -> 46250 | R22: אושר למכירה ממתין לאישור ASN
A23: 30P317607200-001 | C23: טכנולוגיות | D23: טכנולוגיות | E23: 12 | F23: 1 | G23: =#REF!+(E23/F23) -> #REF! | I23: V | J23: 46238 | K23: 46250 | M23: הלברג | O23: ממתין לאישור | P23: =VLOOKUP(A23,'הזמנות פתוחות'!A:D,4,0) -> 46254 | R23: אושר למכירה ממתין לאישור ASN
A24: 30P531125500-001 | B24: LOCK WASHER | C24: =VLOOKUP(A24,קוביות!A:X,24,0) -> 3013 | D24: 3013 | E24: 54 | F24: 1 | G24: =#REF!+(E24/F24) -> #REF! | I24: V | J24: V | K24: 46237 | L24: 46250 | M24: הלברג | O24: ממתין לאישור | P24: =VLOOKUP(A24,'הזמנות פתוחות'!A:D,4,0) -> 46264 | R24: אושר למכירה ממתין לאישור ASN
A25: 30P450197901-001 | B25: RETAINER PIVOT | C25: =VLOOKUP(A25,קוביות!A:X,24,0) -> 3022 | D25: 3017 | E25: 36 | F25: 1 | G25: =#REF!+(E25/F25) -> #REF! | I25: 46214 | J25: 46219 | K25: 46250 | M25: תעשייה אווירית -13/08 לצפי סיום לפי מרומן | O25: ממתין לאישור | P25: =VLOOKUP(A25,'הזמנות פתוחות'!A:D,4,0) -> 46282 | R25: אושר למכירה ממתין לאישור ASN
A26: 30P450025701-001 | B26: FORMER 17 LEADING EDGE L.H.S | C26: =VLOOKUP(A26,קוביות!A:X,24,0) -> 3030 | D26: 3006 | E26: 17 | F26: 1 | G26: =#REF!+(E26/F26) -> #REF! | I26: =VLOOKUP(A26,'[1]תכנית ייצור'!$B:$H,7,0) -> #N/A | J26: =I26+6 -> #N/A | O26: ממתין לאישור | P26: 46637 | R26: סחורה מוכנה ממתין לאישור אספקה
A27: 30P460185100-001 | C27: =VLOOKUP(A27,קוביות!A:X,24,0) -> 3029 | D27: 3016 | E27: 72 | F27: 1 | G27: =#REF!+(E27/F27) -> #REF! | I27: 46175 | J27: #N/A | K27: =J27+16 -> #N/A | M27: תעשייה אווירית צפי סיום לפי רומן 22.07 -בפועל חזר ב29/07 | O27: ממתין לאישור | P27: 46513 | R27: חלקים מוכנים כל ההזמנות ממתין לאישור אספקה
A28: 30P410181801-001 | C28: =VLOOKUP(A28,קוביות!A:X,24,0) -> 3016 | D28: 3016 | E28: 13 | F28: 1 | G28: =#REF!+(E28/F28) -> #REF! | I28: V | J28: #N/A | K28: =J28+16 -> #N/A | L28: אין | M28: מיקרו צבע | N28: אין | O28: ממתין לאישור | P28: =VLOOKUP(A28,'הזמנות פתוחות'!A:D,4,0) -> 46264 | R28: חלקים מוכנים כל ההזמנות ממתין לאישור אספקה
A29: 30P310029000-007 | C29: =VLOOKUP(A29,קוביות!A:X,24,0) -> 3017 | D29: 3017 | E29: 60 | F29: 1 | G29: =#REF!+(E29/F29) -> #REF! | I29: V | J29: #N/A | K29: =J29+16 -> #N/A | M29: תעשייה אווירית | O29: ממתין לאישור | P29: =VLOOKUP(A29,'הזמנות פתוחות'!A:D,4,0) -> 46363 | R29: חלקים מוכנים כל ההזמנות ממתין לאישור אספקה
A30: 30P410181600-001 | C30: =VLOOKUP(A30,קוביות!A:X,24,0) -> 3018 | D30: 3018 | E30: 27 | F30: 1 | G30: =#REF!+(E30/F30) -> #REF! | I30: V | J30: V | K30: V | M30: מיקרו צבע | O30: ממתין לאישור | P30: =VLOOKUP(A30,'הזמנות פתוחות'!A:D,4,0) -> 46264 | R30: חלקים מוכנים כל ההזמנות ממתין לאישור אספקה
A31: 30P531123200-001 | B31: EXCENTER | C31: =VLOOKUP(A31,קוביות!A:X,24,0) -> 3018 | D31: 3018 | E31: 117 | F31: 1 | G31: =#REF!+(E31/F31) -> #REF! | I31: 46217 | J31: 46235 | K31: =J31+10 -> 46245 | M31: אביג | O31: ממתין לאישור | P31: =VLOOKUP(A31,'הזמנות פתוחות'!A:D,4,0) -> 46257 | R31: חלקים מוכנים כל ההזמנות ממתין לאישור אספקה
A32: 30P450196901-001 | C32: =VLOOKUP(A32,קוביות!A:X,24,0) -> 3019 | D32: 3019 | E32: 24 | F32: 1 | G32: =#REF!+(E32/F32) -> #REF! | I32: 46145 | J32: #N/A | K32: =J32+16 -> #N/A | M32: תעשייה אווירית צפי סיום לפי רומן 30.06 | O32: ממתין לאישור | P32: =VLOOKUP(A32,'הזמנות פתוחות'!A:D,4,0) -> 46317 | R32: חלקים מוכנים כל ההזמנות ממתין לאישור אספקה
A33: 30P410181901-001 | C33: =VLOOKUP(A33,קוביות!A:X,24,0) -> 3019 | D33: 3019 | E33: 28 | F33: 1 | G33: =#REF!+(E33/F33) -> #REF! | I33: V | J33: #N/A | K33: =J33+16 -> #N/A | M33: מיקרו צבע | O33: ממתין לאישור | P33: =VLOOKUP(A33,'הזמנות פתוחות'!A:D,4,0) -> 46264 | R33: חלקים מוכנים כל ההזמנות ממתין לאישור אספקה
A34: 30P410181701-001 | C34: =VLOOKUP(A34,קוביות!A:X,24,0) -> 3019 | D34: 3019 | E34: 20 | I34: V | J34: V | K34: V | M34: מיקרו צבע | O34: ממתין לאישור | P34: =VLOOKUP(A34,'הזמנות פתוחות'!A:D,4,0) -> 46282 | R34: חלקים מוכנים כל ההזמנות ממתין לאישור אספקה
A35: 30P647003200-002 | C35: =VLOOKUP(A35,קוביות!A:X,24,0) -> 3019 | D35: 3019 | E35: 13 | F35: 1 | G35: =#REF!+(E35/F35) -> #REF! | I35: V | J35: #N/A | K35: =J35+16 -> #N/A | M35: גבי שואף | O35: ממתין לאישור | P35: =VLOOKUP(A35,'הזמנות פתוחות'!A:D,4,0) -> 46377 | R35: עבר FAI חלקים מוכנים ממתינים לאישור אספקה
A36: 30P315493700-001 | B36: CAP FITTING | C36: =VLOOKUP(A36,קוביות!A:X,24,0) -> 3020 | D36: 3020 | E36: 40 | F36: 1 | G36: =#REF!+(E36/F36) -> #REF! | I36: 46195 | J36: #N/A | K36: =J36+16 -> #N/A | M36: בז | O36: ממתין לאישור | P36: =VLOOKUP(A36,'הזמנות פתוחות'!A:D,4,0) -> 46405 | R36: חלקים מוכנים כל ההזמנות ממתין לאישור אספקה
A37: 4AS3134024-005 | B37: COVER | C37: =VLOOKUP(A37,קוביות!A:X,24,0) -> 3021 | D37: 3021 | E37: כל ההזמנות | F37: 1 | G37: =#REF!+(E37/F37) -> #REF! | I37: V | J37: #N/A | K37: =J37+16 -> #N/A | M37: נדיב | O37: ממתין לאישור | P37: =VLOOKUP(A37,'הזמנות פתוחות'!A:D,4,0) -> 46405 | R37: חלקים מוכנים כל ההזמנות ממתין לאישור אספקה
A38: 30P430212500-001 | B38: BLOCK SUPPORT H/S UPPER SKIN | C38: =VLOOKUP(A38,קוביות!A:X,24,0) -> 3021 | D38: 3021 | E38: כל ההזמנות | F38: 1 | G38: =#REF!+(E38/F38) -> #REF! | I38: V | J38: V | K38: V | L38: אין | M38: 0 | N38: אין | O38: ממתין לאישור | P38: =VLOOKUP(A38,'הזמנות פתוחות'!A:D,4,0) -> 46293 | R38: חלקים מוכנים כל ההזמנות ממתין לאישור אספקה
A39: 30P420166400-001 | C39: =VLOOKUP(A39,קוביות!A:X,24,0) -> 3021 | D39: 3021 | E39: 48 | I39: =VLOOKUP(A39,'[1]תכנית ייצור'!$B:$H,7,0) -> #N/A | J39: =I39+6 -> #N/A | K39: =J39+16 -> #N/A | M39: 0 | O39: ממתין לאישור | P39: 46531 | R39: חלקים מוכנים כל ההזמנות ממתין לאישור אספקה
A40: 30P450260100-001 | B40: WEDGE TIP HORIZONTAL STABILIZER L.H.S | C40: =VLOOKUP(A40,קוביות!A:X,24,0) -> 3021 | D40: 3021 | E40: 13 | I40: =VLOOKUP(A40,'[1]תכנית ייצור'!$B:$H,7,0) -> 46308 | J40: =I40+6 -> 46314 | K40: =J40+16 -> 46330 | M40: 0 | O40: ממתין לאישור | P40: =VLOOKUP(A40,'הזמנות פתוחות'!A:D,4,0) -> 46331 | R40: חלקים מוכנים - ממתין לאישור אספקה
A41: 30P581656700-001 | B41: SPRING STUD | C41: =VLOOKUP(A41,קוביות!A:X,24,0) -> 3022 | D41: 3022 | E41: 38 | F41: 1 | G41: =#REF!+(E41/F41) -> #REF! | I41: 46176 | J41: #N/A | K41: =J41+16 -> #N/A | M41: 0 | N41: אין | O41: ממתין לאישור | P41: =VLOOKUP(A41,'הזמנות פתוחות'!A:D,4,0) -> 46448 | R41: חלקים מוכנים כל ההזמנות ממתין לאישור אספקה
A42: 4AS9910011-001 | B42: FWD JACKING POINT | C42: =VLOOKUP(A42,קוביות!A:X,24,0) -> 3022 | D42: 3022 | E42: 20 | F42: 1 | G42: =#REF!+(E42/F42) -> #REF! | I42: 46208 | J42: #N/A | K42: =J42+16 -> #N/A | M42: הלברג -מוכן לאיסוף | O42: ממתין לאישור | P42: =VLOOKUP(A42,'הזמנות פתוחות'!A:D,4,0) -> 46419 | R42: חלקים מוכנים כל ההזמנות ממתין לאישור אספקה
A43: 30P532571300-001 | C43: =VLOOKUP(A43,קוביות!A:X,24,0) -> 3022 | D43: 3022 | E43: 14 | F43: 1 | G43: =#REF!+(E43/F43) -> #REF! | I43: V | J43: 46238 | K43: 46250 | M43: הלברג | O43: ממתין לאישור | P43: =VLOOKUP(A43,'הזמנות פתוחות'!A:D,4,0) -> 46377 | R43: חלקים מוכנים כל ההזמנות ממתין לאישור אספקה
A44: 30P420166501-001 | C44: =VLOOKUP(A44,קוביות!A:X,24,0) -> 3022 | D44: 3022 | E44: 25 | I44: V | J44: V | K44: V | M44: 0 | O44: ממתין לאישור | P44: =VLOOKUP(A44,'הזמנות פתוחות'!A:D,4,0) -> 46391 | R44: חלקים מוכנים - ממתין לאישור אספקה
A45: 30P357206700-001 | C45: =VLOOKUP(A45,קוביות!A:X,24,0) -> 3023 | D45: 3023 | E45: כל ההזמנות | F45: 4 | G45: =#REF!+(E45/F45) -> #REF! | I45: V | J45: #N/A | K45: =J45+16 -> #N/A | M45: הלברג | O45: ממתין לאישור | P45: =VLOOKUP(A45,'הזמנות פתוחות'!A:D,4,0) -> 46323 | R45: חלקים מוכנים כל ההזמנות ממתין לאישור אספקה
A46: 30P647003200-001 | C46: =VLOOKUP(A46,קוביות!A:X,24,0) -> 3024 | D46: 3024 | E46: 15 | F46: 1 | G46: =#REF!+(E46/F46) -> #REF! | I46: V | J46: #N/A | K46: =J46+16 -> #N/A | M46: גבי שואף | O46: ממתין לאישור | P46: =VLOOKUP(A46,'הזמנות פתוחות'!A:D,4,0) -> 46377 | R46: עבר FAI חלקים מוכנים ממתינים לאישור אספקה
A47: 30P647003300-001 | C47: =VLOOKUP(A47,קוביות!A:X,24,0) -> 3024 | D47: 3024 | E47: 24 | F47: 1 | G47: =#REF!+(E47/F47) -> #REF! | I47: V | J47: #N/A | K47: =J47+16 -> #N/A | M47: גבי שואף | O47: ממתין לאישור | P47: =VLOOKUP(A47,'הזמנות פתוחות'!A:D,4,0) -> 46377 | R47: עבר FAI חלקים מוכנים ממתינים לאישור אספקה
A48: 30P647003300-002 | C48: =VLOOKUP(A48,קוביות!A:X,24,0) -> 3024 | D48: 3024 | E48: 20 | F48: 1 | G48: =#REF!+(E48/F48) -> #REF! | I48: V | J48: #N/A | K48: =J48+16 -> #N/A | M48: גבי שואף | O48: ממתין לאישור | P48: =VLOOKUP(A48,'הזמנות פתוחות'!A:D,4,0) -> 46377 | R48: עבר FAI חלקים מוכנים ממתינים לאישור אספקה
A49: 30P315477700-001 | C49: =VLOOKUP(A49,קוביות!A:X,24,0) -> 3024 | D49: 3024 | E49: כל ההזמנות | I49: V | J49: 46237 | K49: =J49+8 -> 46245 | M49: אביג | O49: ממתין לאישור | P49: =VLOOKUP(A49,'הזמנות פתוחות'!A:D,4,0) -> 46391 | R49: חלקים מוכנים כל ההזמנות ממתין לאישור אספקה
A50: 30P450194300-001 | B50: BOLT 4 | C50: =VLOOKUP(A50,קוביות!A:X,24,0) -> 3027 | D50: 3027 | E50: 16 | F50: 1 | G50: =#REF!+(E50/F50) -> #REF! | I50: V | J50: #N/A | K50: =J50+16 -> #N/A | L50: אין | M50: תעשייה אווירית | N50: אין | O50: ממתין לאישור | P50: =VLOOKUP(A50,'הזמנות פתוחות'!A:D,4,0) -> 46434 | R50: חלקים מוכנים כל ההזמנות ממתין לאישור אספקה
A51: 30P460192500-001 | B51: FLANGED BUSHING UNCLAMPED | C51: =VLOOKUP(A51,קוביות!A:X,24,0) -> 3028 | D51: 3028 | E51: 156 | F51: 4 | G51: =#REF!+(E51/F51) -> #REF! | I51: V | J51: 46236 | K51: =J51+16 -> 46252 | M51: גבי שואף | O51: ממתין לאישור | P51: =VLOOKUP(A51,'הזמנות פתוחות'!A:D,4,0) -> 46264 | R51: מוכן ממתין לאישור אספקה
A52: 30P410183401-002 | C52: =VLOOKUP(A52,קוביות!A:X,24,0) -> 3031 | D52: 3031 | E52: 12 | I52: V | J52: V | K52: =J52+16 -> #VALUE! | M52: 0 | O52: ממתין לאישור | P52: 46483 | R52: חלקים מוכנים כל ההזמנות ממתין לאישור אספקה
A53: 30P450260100-002 | C53: =VLOOKUP(A53,קוביות!A:X,24,0) -> 3031 | D53: 3031 | E53: 3 | I53: =VLOOKUP(A53,'[1]תכנית ייצור'!$B:$H,7,0) -> 46315 | J53: =I53+6 -> 46321 | K53: =J53+16 -> 46337 | M53: 0 | O53: ממתין לאישור | P53: 46513 | R53: מוכן ממתין לאישור אספקה
A54: 30P583610500-001 | C54: =VLOOKUP(A54,קוביות!A:X,24,0) -> 3031 | D54: 3031 | E54: 32 | I54: V | J54: V | K54: V | M54: 0 | O54: ממתין לאישור | P54: =VLOOKUP(A54,'הזמנות פתוחות'!A:D,4,0) -> 46462 | R54: חלקים מוכנים כל ההזמנות ממתין לאישור אספקה
A55: 30P430212300-001 | C55: =VLOOKUP(A55,קוביות!A:X,24,0) -> 3035 | D55: 3035 | E55: 20 | F55: 1 | G55: =#REF!+(E55/F55) -> #REF! | I55: V | J55: #N/A | K55: =J55+16 -> #N/A | M55: מיקרו צבע | O55: ממתין לאישור | P55: 46481 | R55: חלקים מוכנים כל ההזמנות ממתין לאישור אספקה
A56: 30P581651301-001 | B56: SPACER | C56: =VLOOKUP(A56,קוביות!A:X,24,0) -> #N/A | D56: #N/A | E56: 38 | F56: 1 | G56: =#REF!+(E56/F56) -> #REF! | I56: V | J56: #N/A | K56: =J56+16 -> #N/A | M56: מיקרו צבע | O56: ממתין לאישור | P56: 46513 | R56: חלקים מוכנים כל ההזמנות ממתין לאישור אספקה
A57: 30P460164000-501 | B57: HINGE ASSY | C57: =VLOOKUP(A57,קוביות!A:X,24,0) -> 2340 | D57: 2340 | E57: 18 | I57: 46194 | J57: 46219 | K57: 46264 | M57: תעשייה אווירית 30P460164100-001 - לפי רומן מגיע רק ב30/08!!! | O57: =VLOOKUP(A57,'[2]דוח מימד'!$A:$O,15,0) -> 46271 | P57: =VLOOKUP(A57,'הזמנות פתוחות'!A:D,4,0) -> 46271 | Q57: DDP1 | R57: =VLOOKUP(A57,'[2]דוח מימד'!$A:$R,18,0) -> יצא לתהליכים בתעשייה אווירית-30P460164100-001 18יח
A58: 30P450194101-501 | C58: =VLOOKUP(A58,קוביות!A:X,24,0) -> 2340 | D58: 2340 | E58: 11 | F58: 1 | G58: =#REF!+(E58/F58) -> #REF! | I58: 46175 | J58: 46251 | K58: 46253 | L58: 46264 | M58: תעשייה אווירית | O58: 46265 | P58: =VLOOKUP(A58,'הזמנות פתוחות'!A:D,4,0) -> 46235 | R58: הועבר לתהליכים לתעשייה אווירית ב19/08 -עקב זמן ארוך בתהליכים בגימור מתכות(קדיום)-בן30P450194501-001
A59: 30P352132400-501 | C59: =VLOOKUP(A59,קוביות!A:X,24,0) -> 2341 | D59: 2341 | E59: 2 | I59: 46189 | J59: 46194 | K59: 46208 | L59: 46264 | M59: מיקרו צבע -צפי סיום 30/08 | O59: 46265 | P59: 46254 | R59: =VLOOKUP(A59,'[2]דוח מימד'!$A:$R,18,0) -> יח2 -הבן 25G3521132-001 יוצא לתהליכים למקרו צבע
A60: 30P450170101-501 | B60: FITTING 1 HSTA UPPER ATTACH FRONT ASSY L | C60: 2342 | D60: 2342 | E60: 25 | I60: 46251 | J60: 46267 | K60: =J60+18 -> 46285 | O60: 46288 | P60: 46295 | R60: נמצא בעבודה
A61: 30P310255000-501 | C61: =VLOOKUP(A61,קוביות!A:X,24,0) -> 2341 | D61: 2341 | E61: 2 | I61: 46188 | J61: 46210 | K61: 46212 | L61: 46264 | M61: תעש"א-ניירת אלון שוחרר ב15/07 -צפי סיום לפי רומן -27/08 , נדחה על ידי רומן ל30/08 | O61: =VLOOKUP(A61,'[2]דוח מימד'!$A:$O,15,0) -> 46265 | P61: =VLOOKUP(A61,'הזמנות פתוחות'!A:D,4,0) -> 46265 | R61: =VLOOKUP(A61,'[2]דוח מימד'!$A:$R,18,0) -> יצא לתהליכים
A62: 30P315533000-501 | B62: BEAM WL 1654 LHS ASSY | C62: =VLOOKUP(A62,קוביות!A:X,24,0) -> 2341 | D62: 2341 | E62: 2 | F62: 1 | G62: =#REF!+(E62/F62) -> #REF! | I62: V | J62: V | K62: V | M62: כנפית - צפי סיום 03/09 | N62: 3-4 ימים | O62: 46274 | P62: =VLOOKUP(A62,'הזמנות פתוחות'!A:D,4,0) -> 46280 | Q62: DDP1 | R62: נשלח הזמנה לכנפית - לפי עדכון מ16/08 מכנפית צפי סיום הזמנה 03/09
A63: 4AS3360547-501 | C63: =VLOOKUP(A63,קוביות!A:X,24,0) -> 2341 | D63: 2341 | E63: 29 | F63: 1 | G63: =#REF!+(E63/F63) -> #REF! | I63: 46215 | J63: 46222 | K63: 46244 | M63: מיקרו צבע | N63: 3-4 ימים | O63: =VLOOKUP(A63,'[2]דוח מימד'!$A:$O,15,0) -> 46271 | P63: =VLOOKUP(A63,'הזמנות פתוחות'!A:D,4,0) -> 46275 | R63: =VLOOKUP(A63,'[2]דוח מימד'!$A:$R,18,0) -> ממתין לקשיח -MS9105-31 ,לאחר בדיקה-צפי הגעת קשיח 04/09
A64: 30P315631300-001 | B64: SPACER TEFLON | C64: =VLOOKUP(A64,קוביות!A:X,24,0) -> 2342 | D64: 2342 | E64: 12 | F64: 1 | G64: =#REF!+(E64/F64) -> #REF! | I64: 46040 | J64: 46058 | K64: V | L64: אין | N64: אין | O64: סקר נכשל ,בהזמנת חו"ג בעובי מתאים | P64: =VLOOKUP(A64,'הזמנות פתוחות'!A:D,4,0) -> 46295 | Q64: DDP1 | R64: בבדיקה של אלון ויוסי -בהשגת חומר לפריט הנ"ל
A65: 30P410114100-001 | B65: RIB 0 FRONT LOWER SHEAR DECK | C65: =VLOOKUP(A65,קוביות!A:X,24,0) -> 2342 | D65: 2342 | E65: 1 | F65: 1 | G65: =#REF!+(E65/F65) -> #REF! | I65: 46195 | J65: 46203 | K65: 46264 | M65: תעשייה אווירית - לפי רומן צפי סיום ב30/08 -נשלח לתהליכים ב30/06! | O65: =VLOOKUP(A65,'[2]דוח מימד'!$A:$O,15,0) -> 46265 | P65: =VLOOKUP(A65,'הזמנות פתוחות'!A:D,4,0) -> 46269 | Q65: DDP1 | R65: =VLOOKUP(A65,'[2]דוח מימד'!$A:$R,18,0) -> נשלח לתעשייה אווירית ב05/07
A66: 30P420163001-501 | B66: FITTING ASSEMBLY CENTER HINGE | C66: =VLOOKUP(A66,קוביות!A:X,24,0) -> 2342 | D66: 2342 | E66: 15 | I66: 46177 | J66: 46219 | K66: 46265 | M66: תעשייה אווירית-31.08-30P420163101-001 -/163201/163301/- 2 בנים האלו-עדיין לא קיבלנו תאריך- בטיפול צחי מול רומן | O66: =VLOOKUP(A66,'[2]דוח מימד'!$A:$O,15,0) -> 46273 | P66: 46271 | Q66: DDP1 | R66: =VLOOKUP(A66,'[2]דוח מימד'!$A:$R,18,0) -> חלק בן יצא לתהליכים30P420163101-001 ועוד 2 בנים גם יצאו לתהליכים -30P420163201-001/30P420163301-001
A67: 30P460162000-501 | B67: FITTING CENTER HINGE ASSEMBLY | C67: =VLOOKUP(A67,קוביות!A:X,24,0) -> 2342 | D67: 2342 | E67: 10+20 | I67: 46252 | J67: =I67+9 -> 46261 | K67: =J67+16 -> 46277 | M67: תעשייה אווירית | O67: 46280 | P67: =VLOOKUP(A67,'הזמנות פתוחות'!A:D,4,0) -> 46280 | R67: 2 בנים כבר יוצרו נמצאים ברגים ,בן שלישי בעבודה
A68: 30P410170101-501 | B68: FITTING ASSEMBLY LOWER H/S TRIM ACTUATOR | C68: 3005 | D68: 3005 | E68: 8 | I68: 46152 | J68: V | K68: V | L68: V | M68: לאסק | N68: 3-4 ימים | O68: 46275 | P68: =VLOOKUP(A68,'הזמנות פתוחות'!A:D,4,0) -> 46251 | R68: יתרה 8 יח תהיה מוכנה עד10/09 כשיהיה מוכן בושינג שחסר להרכבה-30P410190300-001
A69: 30P410178901-501 | B69: FITTING ASSEMBLY LOWER RUDDER HINGE | C69: =VLOOKUP(A69,קוביות!A:X,24,0) -> 3005 | D69: 3005 | E69: 12 | I69: =VLOOKUP(A69,'[1]תכנית ייצור'!$D:$H,5,0) -> 46279 | J69: =I69+11 -> 46290 | K69: =J69+16 -> 46306 | M69: תעשייה אווירית | O69: 46285 | P69: =VLOOKUP(A69,'הזמנות פתוחות'!A:D,4,0) -> 46295 | R69: =VLOOKUP(A69,'[2]דוח מימד'!$A:$R,18,0) -> 0
A70: 30P450171900-501 | B70: FITTING ASSY FRONT ELEVATOR ACTUATOR L.H | C70: =VLOOKUP(A70,קוביות!A:X,24,0) -> 3006 | D70: 3006 | E70: 12 | F70: 1 | G70: =#REF!+(E70/F70) -> #REF! | I70: 46258 | J70: =I70+7 -> 46265 | K70: =J70+16 -> 46281 | M70: תעשייה אווירית | O70: 46302 | P70: 46283 | R70: יצא לתהליכים לתעשייה אווירית עם AOG
A71: 30P450171003-501 | B71: PIVOT FITTING ASSEMBLY H/S | C71: =VLOOKUP(A71,קוביות!A:X,24,0) -> 3006 | D71: 3006 | E71: 10 | I71: =VLOOKUP(A71,'[1]תכנית ייצור'!$D:$H,5,0) -> 46266 | J71: 46281 | K71: =J71+16 -> 46297 | M71: תעשייה אווירית | O71: =VLOOKUP(A71,'[2]דוח מימד'!$A:$O,15,0) -> 46304 | P71: =VLOOKUP(A71,'הזמנות פתוחות'!A:D,4,0) -> 46300 | R71: יצא לתהליכים לתעשייה אווירית עם AOG
A72: 30P410178702-501 | B72: FITTING ASSEMBLY MIDDLE RUDDER HINGE | C72: =VLOOKUP(A72,קוביות!A:X,24,0) -> 3006 | D72: 3006 | E72: 13 | F72: 1 | G72: =#REF!+(E72/F72) -> #REF! | I72: 46253 | J72: 46261 | K72: =J72+16 -> 46277 | M72: תעשייה אווירית | O72: 46281 | P72: =VLOOKUP(A72,'הזמנות פתוחות'!A:D,4,0) -> 46245 | Q72: DDP1 | R72: בן אחד מוכן , בן שני תחילת ייצור - 20/08/26
A73: 30P460168000-502 | B73: FITTING ACTUATOR LINK ASSEMBLY | C73: =VLOOKUP(A73,קוביות!A:X,24,0) -> 3006 | D73: 3008 | E73: 12 | F73: 1 | G73: =#REF!+(E73/F73) -> #REF! | I73: 46258 | J73: =I73+6 -> 46264 | K73: =J73+16 -> 46280 | L73: אין | M73: 0 | N73: 3-4 ימים | O73: 46281 | P73: =VLOOKUP(A73,'הזמנות פתוחות'!A:D,4,0) -> 46275 | R73: =VLOOKUP(A73,'[2]דוח מימד'!$A:$R,18,0) -> 0
A74: 30P450171900-502 | B74: FITTING ASSY FRONT ELEVATOR ACTUATOR R.H | C74: =VLOOKUP(A74,קוביות!A:X,24,0) -> 3007 | D74: 3007 | I74: 46258 | J74: 46279 | K74: =J74+18 -> 46297 | M74: תעשייה אווירית | O74: 46309 | P74: 46287 | R74: יצא לתהליכים לתעשייה אווירית עם AOG
A75: 30P410118002-501 | B75: REAR RIB 2 ASSEMBLY | C75: =VLOOKUP(A75,קוביות!A:X,24,0) -> 3008 | D75: 3008 | E75: 16 | G75: =#REF!+(E75/F75) -> #REF! | I75: 46161 | J75: V | K75: 46261 | M75: תעשייה אווירית - לפי תשובה מרומן מ10/08 -צפי סיום 27.08 | O75: 46269 | P75: =VLOOKUP(A75,'הזמנות פתוחות'!A:D,4,0) -> 46271 | R75: =VLOOKUP(A75,'[2]דוח מימד'!$A:$R,18,0) -> חלקים יצאו-בן 30P410118101-001 לתהליכים
A76: 30P410179700-501 | B76: FITTING 2 ASSY, RUDDER | C76: =VLOOKUP(A76,קוביות!A:X,24,0) -> 3008 | D76: 3008 | E76: 12 | I76: 46261 | J76: =I76+6 -> 46267 | K76: =J76+16 -> 46283 | M76: 0 | O76: =VLOOKUP(A76,'[2]דוח מימד'!$A:$O,15,0) -> 46300 | P76: 46299 | R76: =VLOOKUP(A76,'[2]דוח מימד'!$A:$R,18,0) -> 0
A77: 30P410133200-002 | B77: ANGLE 2 RIB 10 REAR | C77: =VLOOKUP(A77,קוביות!A:X,24,0) -> 3008 | D77: 3008 | E77: 12 | F77: 1 | G77: =#REF!+(E77/F77) -> #REF! | I77: =VLOOKUP(A77,'[1]תכנית ייצור'!$B:$H,7,0) -> 46279 | J77: =I77+6 -> 46285 | K77: =J77+16 -> 46301 | L77: אין | M77: 0 | N77: אין | O77: =VLOOKUP(A77,'[2]דוח מימד'!$A:$O,15,0) -> 46290 | P77: 46301 | R77: =VLOOKUP(A77,'[2]דוח מימד'!$A:$R,18,0) -> 0
A78: 30P581601500-501 | B78: ARM ASSY - IDLER | C78: =VLOOKUP(A78,קוביות!A:X,24,0) -> 3009 | D78: 3009 | E78: 12 | F78: 1 | G78: =#REF!+(E78/F78) -> #REF! | I78: 46246 | J78: 46257 | K78: =J78+16 -> 46273 | L78: אין | M78: 0 | N78: 3-4 ימים | O78: 46275 | P78: 46272 | R78: =VLOOKUP(A78,'[2]דוח מימד'!$A:$R,18,0) -> בעבודה
A79: 30P410133200-001 | B79: ANGLE 1 RIB 10 REAR | C79: =VLOOKUP(A79,קוביות!A:X,24,0) -> 3009 | D79: 3009 | E79: 12 | F79: 1 | G79: =#REF!+(E79/F79) -> #REF! | I79: =VLOOKUP(A79,'[1]תכנית ייצור'!$B:$H,7,0) -> 46284 | J79: =I79+6 -> 46290 | K79: =J79+16 -> 46306 | L79: אין | M79: 0 | N79: אין | O79: =VLOOKUP(A79,'[2]דוח מימד'!$A:$O,15,0) -> 46295 | P79: 46305 | R79: =VLOOKUP(A79,'[2]דוח מימד'!$A:$R,18,0) -> 0
A80: 30P450173200-001 | B80: FITTING 2 FLIGHT CONTROL ATTACH L.H.S | C80: =VLOOKUP(A80,קוביות!A:X,24,0) -> 3009 | D80: 3009 | E80: 12 | F80: 1 | G80: =#REF!+(E80/F80) -> #REF! | I80: =VLOOKUP(A80,'[1]תכנית ייצור'!$B:$H,7,0) -> 46283 | J80: =I80+6 -> 46289 | K80: =J80+16 -> 46305 | M80: 0 | O80: =VLOOKUP(A80,'[2]דוח מימד'!$A:$O,15,0) -> 46277 | P80: =VLOOKUP(A80,'הזמנות פתוחות'!A:D,4,0) -> 46271 | R80: =VLOOKUP(A80,'[2]דוח מימד'!$A:$R,18,0) -> 0
A81: 30P450170101-502 | B81: FITTING 1 HSTA UPPER ATTACH FRONT ASSY R | C81: =VLOOKUP(A81,קוביות!A:X,24,0) -> 3009 | D81: 3009 | I81: =VLOOKUP(A81,'[1]תכנית ייצור'!$D:$H,5,0) -> 46270 | J81: =I81+6 -> 46276 | K81: =J81+16 -> 46292 | M81: 0 | O81: =VLOOKUP(A81,'[2]דוח מימד'!$A:$O,15,0) -> 46279 | P81: =VLOOKUP(A81,'הזמנות פתוחות'!A:D,4,0) -> 46295 | R81: =VLOOKUP(A81,'[2]דוח מימד'!$A:$R,18,0) -> 0
A82: 30P783455600-501 | B82: CABIN TEMP SENSOR HOUSING ASSY. (3.0 ) | C82: טכנולוגיות | D82: 3009 | E82: 16 | F82: 1 | G82: =#REF!+(E82/F82) -> #REF! | I82: 46246 | J82: 46250 | K82: 46272 | M82: תעשייה אווירית -אין עדיין תאריך מרומן -בטיפול צחי מול רומן | O82: =K82+3 -> 46275 | P82: =VLOOKUP(A82,'הזמנות פתוחות'!A:D,4,0) -> 46300 | R82: יצא לתהליכים
A83: 30P450197800-001 | B83: RETAINER PIN PIVOT | C83: =VLOOKUP(A83,קוביות!A:X,24,0) -> 3010 | D83: 3010 | E83: 15 | I83: V | J83: 46252 | K83: =J83+16 -> 46268 | M83: 0 | O83: =K83+3 -> 46271 | P83: =VLOOKUP(A83,'הזמנות פתוחות'!A:D,4,0) -> 46260 | R83: בעבודה בפעולה אחרונה אחרי שחזר מספק השחזה
A84: 30P420160001-501 | B84: FITTING, UPPER | C84: =VLOOKUP(A84,קוביות!A:X,24,0) -> 3011 | D84: 3011 | E84: 15 | I84: =VLOOKUP(A84,'[1]תכנית ייצור'!$D:$H,5,0) -> 46321 | J84: =I84+6 -> 46327 | K84: =J84+16 -> 46343 | M84: 0 | O84: =K84+3 -> 46346 | P84: =VLOOKUP(A84,'הזמנות פתוחות'!A:D,4,0) -> 46350 | R84: 0
A85: 30P460161000-501 | C85: =VLOOKUP(A85,קוביות!A:X,24,0) -> 3011 | D85: 3011 | I85: =VLOOKUP(A85,'[1]תכנית ייצור'!$D:$H,5,0) -> 46309 | J85: =I85+6 -> 46315 | K85: =J85+16 -> 46331 | M85: 0 | O85: =K85+3 -> 46334 | P85: =VLOOKUP(A85,'הזמנות פתוחות'!A:D,4,0) -> 46331 | R85: 0
A86: 30P450173001-501 | B86: FITTING 1 FLIGHT CONTROL ASSEMBLY L.H.S | C86: =VLOOKUP(A86,קוביות!A:X,24,0) -> 3012 | D86: 3012 | I86: =VLOOKUP(A86,'[1]תכנית ייצור'!$D:$H,5,0) -> 46277 | J86: =I86+6 -> 46283 | K86: =J86+16 -> 46299 | M86: 0 | O86: =K86+3 -> 46302 | P86: 46300 | R86: 0
A87: 30P450045200-501 | B87: ANGLE ASSEMBLY LOWER SLIDER L.H.S | C87: =VLOOKUP(A87,קוביות!A:X,24,0) -> 3013 | D87: 3013 | E87: 12 | F87: 1 | G87: =#REF!+(E87/F87) -> #REF! | I87: 46270 | J87: =I87+6 -> 46276 | K87: =J87+16 -> 46292 | M87: 0 | O87: =K87+3 -> 46295 | P87: =VLOOKUP(A87,'הזמנות פתוחות'!A:D,4,0) -> 46290 | R87: 0
A88: 30P410179600-501 | B88: FITTING 2 ASSY, RUDDER | C88: =VLOOKUP(A88,קוביות!A:X,24,0) -> 3013 | D88: 3013 | E88: 12 | F88: 1 | G88: =#REF!+(E88/F88) -> #REF! | I88: =VLOOKUP(A88,'[1]תכנית ייצור'!$D:$H,5,0) -> 46335 | J88: =I88+6 -> 46341 | K88: =J88+16 -> 46357 | M88: 0 | N88: 3-4 ימים | O88: =K88+3 -> 46360 | P88: 46348 | R88: 0
A89: 30P410132002-501 | B89: REAR RIB 9 ASSEMBLY | C89: =VLOOKUP(A89,קוביות!A:X,24,0) -> 3013 | D89: 3013 | E89: 12 | F89: 1 | G89: =#REF!+(E89/F89) -> #REF! | I89: 46233 | J89: 46250 | K89: =J89+16 -> 46266 | M89: 0 | O89: =K89+3 -> 46269 | P89: 46270 | R89: 0
A90: 30P450025601-001 | C90: =VLOOKUP(A90,קוביות!A:X,24,0) -> 3013 | D90: 3013 | E90: 12 | F90: 1 | G90: =#REF!+(E90/F90) -> #REF! | I90: 46302 | J90: =I90+6 -> 46308 | K90: =J90+16 -> 46324 | M90: 0 | O90: =K90+3 -> 46327 | P90: =VLOOKUP(A90,'הזמנות פתוחות'!A:D,4,0) -> 46310 | R90: 0
A91: 30P420170000-001 | B91: KEEPER SECURE BOLT | C91: =VLOOKUP(A91,קוביות!A:X,24,0) -> 3014 | D91: 3014 | E91: 12 | F91: 1 | G91: =#REF!+(E91/F91) -> #REF! | I91: =VLOOKUP(A91,'[1]תכנית ייצור'!$B:$H,7,0) -> 46370 | J91: =I91+6 -> 46376 | K91: =J91+16 -> 46392 | L91: אין | M91: 0 | N91: אין | O91: =K91+3 -> 46395 | P91: =VLOOKUP(A91,'הזמנות פתוחות'!A:D,4,0) -> 46370 | R91: 0
A92: 30P410176600-001 | B92: FITTING 2 FLIGHT CONTROL ATTACH | C92: =VLOOKUP(A92,קוביות!A:X,24,0) -> 3014 | D92: 3014 | E92: 12 | F92: 1 | G92: =#REF!+(E92/F92) -> #REF! | I92: =VLOOKUP(A92,'[1]תכנית ייצור'!$B:$H,7,0) -> 46317 | J92: =I92+6 -> 46323 | K92: =J92+16 -> 46339 | M92: 0 | O92: =K92+3 -> 46342 | P92: =VLOOKUP(A92,'הזמנות פתוחות'!A:D,4,0) -> 46325 | R92: 0
A93: 30P783301000-501 | C93: =VLOOKUP(A93,קוביות!A:X,24,0) -> 3014 | D93: 3014 | E93: 23 | F93: 1 | G93: =#REF!+(E93/F93) -> #REF! | H93: חריטה+כרסום5 צירים | I93: 46215 | J93: 46258 | K93: =J93+19 -> 46277 | M93: תעשייה אווירית | N93: 3-4 ימים | O93: =K93+5 -> 46282 | P93: =VLOOKUP(A93,'הזמנות פתוחות'!A:D,4,0) -> 46258 | R93: בן יצא לתהליכים-30P783301100-001
A94: 30P450045200-502 | B94: ANGLE ASSEMBLY LOWER SLIDER R.H.S | C94: =VLOOKUP(A94,קוביות!A:X,24,0) -> 3014 | D94: 3014 | E94: 20 | F94: 1 | G94: =#REF!+(E94/F94) -> #REF! | H94: maximart | I94: 46285 | J94: =I94+10 -> 46295 | K94: =J94+16 -> 46311 | L94: אין | M94: 0 | N94: 3-4 ימים | O94: =K94+3 -> 46314 | P94: =VLOOKUP(A94,'הזמנות פתוחות'!A:D,4,0) -> 46307 | R94: 0
A95: 30P450025501-001 | C95: =VLOOKUP(A95,קוביות!A:X,24,0) -> 3014 | D95: 3014 | E95: 12 | F95: 1 | G95: =#REF!+(E95/F95) -> #REF! | I95: 46305 | J95: =I95+4 -> 46309 | K95: =J95+14 -> 46323 | M95: 0 | O95: =K95+3 -> 46326 | P95: =VLOOKUP(A95,'הזמנות פתוחות'!A:D,4,0) -> 46313 | R95: 0
A96: 30P450175300-001 | B96: FITTING RIB 1 L.H.S | C96: =VLOOKUP(A96,קוביות!A:X,24,0) -> 3014 | D96: 3014 | E96: 12 | F96: 1 | G96: =#REF!+(E96/F96) -> #REF! | I96: =VLOOKUP(A96,'[1]תכנית ייצור'!$B:$H,7,0) -> 46317 | J96: =I96+6 -> 46323 | K96: =J96+16 -> 46339 | M96: 0 | O96: =K96+3 -> 46342 | P96: =VLOOKUP(A96,'הזמנות פתוחות'!A:D,4,0) -> 46271 | R96: 0
A97: 30P450173001-502 | B97: FITTING 1 FLIGHT CONTROL ASSEMBLY R.H.S | C97: =VLOOKUP(A97,קוביות!A:X,24,0) -> 3015 | D97: 3015 | E97: 12 | I97: =VLOOKUP(A97,'[1]תכנית ייצור'!$D:$H,5,0) -> 46283 | J97: =I97+6 -> 46289 | K97: =J97+16 -> 46305 | M97: 0 | O97: =K97+3 -> 46308 | P97: =VLOOKUP(A97,'הזמנות פתוחות'!A:D,4,0) -> 46307 | R97: 0
A98: 30P410022100-502 | B98: FORMER 1 ASSEMBLY | C98: =VLOOKUP(A98,קוביות!A:X,24,0) -> 3015 | D98: 3015 | E98: 12 | F98: 1 | G98: =#REF!+(E98/F98) -> #REF! | I98: 46340 | J98: =I98+6 -> 46346 | K98: =J98+16 -> 46362 | M98: 0 | N98: 3-4 ימים | O98: =K98+3 -> 46365 | P98: =VLOOKUP(A98,'הזמנות פתוחות'!A:D,4,0) -> 46361 | R98: #N/A
A99: 30P450161200-001 | C99: =VLOOKUP(A99,קוביות!A:X,24,0) -> 3015 | D99: 3015 | E99: 12 | F99: 1 | G99: =#REF!+(E99/F99) -> #REF! | I99: =VLOOKUP(A99,'[1]תכנית ייצור'!$B:$H,7,0) -> 46259 | J99: =I99+6 -> 46265 | K99: =J99+16 -> 46281 | M99: 0 | O99: =K99+3 -> 46284 | P99: =VLOOKUP(A99,'הזמנות פתוחות'!A:D,4,0) -> 46300 | R99: #N/A
A100: 30P450161300-002 | B100: SPLICE REAR SPAR ATTACH R.H.S | C100: =VLOOKUP(A100,קוביות!A:X,24,0) -> 3015 | D100: 3015 | E100: 12 | F100: 1 | G100: =#REF!+(E100/F100) -> #REF! | I100: =VLOOKUP(A100,'[1]תכנית ייצור'!$B:$H,7,0) -> 46266 | J100: =I100+6 -> 46272 | K100: =J100+16 -> 46288 | M100: 0 | O100: =K100+3 -> 46291 | P100: =VLOOKUP(A100,'הזמנות פתוחות'!A:D,4,0) -> 46296 | R100: #N/A
A101: 30P450024100-501 | B101: FORMER 1 LEADING EDGE ASSEMBLY L.H.S | C101: =VLOOKUP(A101,קוביות!A:X,24,0) -> 3015 | D101: 3015 | E101: 12 | F101: 1 | G101: =#REF!+(E101/F101) -> #REF! | I101: 46283 | J101: =I101+6 -> 46289 | K101: =J101+16 -> 46305 | M101: 0 | O101: =K101+3 -> 46308 | P101: 46289 | R101: 0
...

Sheet הזמנות פתוחות
A1: מספר פריט | B1: מספר הזמנה | C1: מספר שורה | D1: תאריך אספקה | E1: שם לקוח | F1: יתרה לאספקה | G1: כמות בה.י. | H1: כמות במחסן
A2: 30A2520443-001 | B2: 7000145015 | C2: 88 | D2: 46174 | E2: תע"א חטיבת כלי טייס אזרחיים | F2: 24
A3: 23174-000-00 | B3: 7000142426 | C3: 352 | D3: 46174 | E3: תע"א חטיבת כלי טייס אזרחיים | F3: 1
A4: 23174-000-00 | B4: 7000142426 | C4: 354 | D4: 46174 | E4: תע"א חטיבת כלי טייס אזרחיים | F4: 1
A5: ‎30P460185100-001‏ | B5: 7000146077 | C5: 252 | D5: 46182 | E5: תע"א חטיבת כלי טייס אזרחיים | F5: 10 | H5: 24
A6: 23374-000-00 | B6: 7000142426 | C6: 410 | D6: 46187 | E6: תע"א חטיבת כלי טייס אזרחיים | F6: 1
A7: 30A2520441-001 | B7: 7000142426 | C7: 304 | D7: 46187 | E7: תע"א חטיבת כלי טייס אזרחיים | F7: 1 | H7: 13
A8: 9009T074-001 | B8: 7000128245 | C8: 8 | D8: 46188 | E8: אלתא מערכות בע"מ | F8: 2
A9: 23177-000-00 | B9: 7000142426 | C9: 62 | D9: 46193 | E9: תע"א חטיבת כלי טייס אזרחיים | F9: 3
A10: 23252-000-00 | B10: 7000142426 | C10: 118 | D10: 46193 | E10: תע"א חטיבת כלי טייס אזרחיים | F10: 3
A11: 30A2520678-001 | B11: 7000142426 | C11: 328 | D11: 46201 | E11: תע"א חטיבת כלי טייס אזרחיים | F11: 24
A12: MCT1233807-001 | B12: 7000100252 | C12: 4 | D12: 46203 | E12: תע"א חטיבת כלי טייס אזרחיים | F12: 2 | G12: 6
A13: MCT1233808-001 | B13: 7000100252 | C13: 6 | D13: 46203 | E13: תע"א חטיבת כלי טייס אזרחיים | F13: 2 | G13: 2
A14: MCT1233829-001 | B14: 7000100252 | C14: 8 | D14: 46203 | E14: תע"א חטיבת כלי טייס אזרחיים | F14: 8 | G14: 8
A15: 30A2720512-001 | B15: 7000142426 | C15: 64 | D15: 46204 | E15: תע"א חטיבת כלי טייס אזרחיים | F15: 1
A16: 26043-000-00-R3 | B16: 7000142426 | C16: 70 | D16: 46204 | E16: תע"א חטיבת כלי טייס אזרחיים | F16: 46
A17: 23113-000-00 | B17: 7000142426 | C17: 88 | D17: 46204 | E17: תע"א חטיבת כלי טייס אזרחיים | F17: 96
A18: 23113-000-00 | B18: 7000142426 | C18: 90 | D18: 46204 | E18: תע"א חטיבת כלי טייס אזרחיים | F18: 84
A19: 28154-000-00 | B19: 7000142426 | C19: 108 | D19: 46204 | E19: תע"א חטיבת כלי טייס אזרחיים | F19: 1
A20: 23137-000-00 | B20: 7000142426 | C20: 112 | D20: 46204 | E20: תע"א חטיבת כלי טייס אזרחיים | F20: 2
A21: 30A2520756-001 | B21: 7000142426 | C21: 306 | D21: 46204 | E21: תע"א חטיבת כלי טייס אזרחיים | F21: 24
A22: 26046-000-00 | B22: 7000142426 | C22: 308 | D22: 46204 | E22: תע"א חטיבת כלי טייס אזרחיים | F22: 48
A23: 23358-000-00-R2 | B23: 7000142426 | C23: 188 | D23: 46204 | E23: תע"א חטיבת כלי טייס אזרחיים | F23: 12
A24: 26237-000-00 | B24: 7000142426 | C24: 276 | D24: 46204 | E24: תע"א חטיבת כלי טייס אזרחיים | F24: 28
A25: 23422-000-00 | B25: 7000142426 | C25: 196 | D25: 46204 | E25: תע"א חטיבת כלי טייס אזרחיים | F25: 1
A26: 23133-000-00 | B26: 7000142426 | C26: 202 | D26: 46204 | E26: תע"א חטיבת כלי טייס אזרחיים | F26: 2
... A48: KTR1521002-001 | B48: L000290078 | C48: 60 | D48: 46208 | E48: תע"א חטיבת כלי טייס אזרחיים | F48: 12
A49: KTR1521002-001 | B49: L000290078 | C49: 62 | D49: 46208 | E49: תע"א חטיבת כלי טייס אזרחיים | F49: 24 | G49: 93
A50: KTR1521002-001 | B50: L000290078 | C50: 66 | D50: 46208 | E50: תע"א חטיבת כלי טייס אזרחיים | F50: 8
A51: KTR1521002-001 | B51: L000290078 | C51: 68 | D51: 46208 | E51: תע"א חטיבת כלי טייס אזרחיים | F51: 12
A52: KTR1521002-001 | B52: L000290078 | C52: 70 | D52: 46208 | E52: תע"א חטיבת כלי טייס אזרחיים | F52: 6
A53: KTR1521020-001 | B53: L000296094 | C53: 42 | D53: 46208 | E53: תע"א חטיבת כלי טייס אזרחיים | F53: 2 | G53: 29
A54: 30A2520482-001 | B54: L000252352 | C54: 18 | D54: 46211 | E54: תע"א חטיבת כלי טייס אזרחיים | F54: 20
A55: UCP-280-12714-000 | B55: 7000160556 | C55: 2 | D55: 46212 | E55: תעשייה אווירית לישראל בע"מ /מל"מ | F55: 9 | G55: 15 | H55: 7
A56: TNK2102301-001 | B56: L000239521 | C56: 18 | D56: 46215 | E56: תע"א חטיבת כלי טייס אזרחיים | F56: 9 | G56: 78
A57: ‎PAL1311210-001‏ | B57: L000296094 | C57: 124 | D57: 46215 | E57: תע"א חטיבת כלי טייס אזרחיים | F57: 2
A58: ‎PAL1311210-001‏ | B58: L000296094 | C58: 126 | D58: 46215 | E58: תע"א חטיבת כלי טייס אזרחיים | F58: 2
A59: PAL1369223-001 | B59: L000273008 | C59: 94 | D59: 46217 | E59: תע"א חטיבת כלי טייס אזרחיים | F59: 7 | G59: 27
A60: PAL1369223-001 | B60: L000273008 | C60: 96 | D60: 46217 | E60: תע"א חטיבת כלי טייס אזרחיים | F60: 7 | G60: 14
A61: 23067-000-00 | B61: 7000142426 | C61: 76 | D61: 46218 | E61: תע"א חטיבת כלי טייס אזרחיים | F61: 12
A62: KTR1524013-001-PSF | B62: L000303256 | C62: 20 | D62: 46221 | E62: תע"א חטיבת כלי טייס אזרחיים | F62: 22 | G62: 25
A63: 30P371191104-501 | B63: 7000140610 | C63: 134 | D63: 46223 | E63: תע"א חטיבת כלי טייס אזרחיים | F63: 12
A64: TNK2303302-003 | B64: L000239521 | C64: 270 | D64: 46224 | E64: תע"א חטיבת כלי טייס אזרחיים | F64: 22 | G64: 103 | H64: 18
A65: 30P420180100-001 | B65: 7000146077 | C65: 238 | D65: 46225 | E65: תע"א חטיבת כלי טייס אזרחיים | F65: 5
A66: UCP-280-48112-000 | B66: 7000153838 | C66: 2 | D66: 46229 | E66: תעשייה אווירית לישראל בע"מ /מל"מ | F66: 16 | G66: 18 | H66: 1
A67: 30P450024100-501 | B67: 7000146077 | C67: 60 | D67: 46232 | E67: תע"א חטיבת כלי טייס אזרחיים | F67: 1
A68: TNK2102301-001 | B68: L000301850 | C68: 134 | D68: 46233 | E68: תע"א חטיבת כלי טייס אזרחיים | F68: 2
A69: TNK2102301-001 | B69: L000301850 | C69: 136 | D69: 46233 | E69: תע"א חטיבת כלי טייס אזרחיים | F69: 18
A70: TNK2102301-001 | B70: L000301850 | C70: 138 | D70: 46233 | E70: תע"א חטיבת כלי טייס אזרחיים | F70: 8 | G70: 42
A71: 1199C423-001 | B71: 7000155528 | C71: 2 | D71: 46234 | E71: אלתא מערכות בע"מ | F71: 2 | G71: 3
A72: 23112-000-00 | B72: 7000142426 | C72: 8 | D72: 46234 | E72: תע"א חטיבת כלי טייס אזרחיים | F72: 48
A73: 23112-000-00 | B73: 7000142426 | C73: 10 | D73: 46234 | E73: תע"א חטיבת כלי טייס אזרחיים | F73: 42
A74: 30P410115101-001 | B74: 7000076783 | C74: 40 | D74: 46235 | E74: תע"א חטיבת כלי טייס אזרחיים | F74: 4
A75: 30P410115101-001 | B75: 7000076783 | C75: 42 | D75: 46235 | E75: תע"א חטיבת כלי טייס אזרחיים | F75: 7
A76: 30P410115101-001 | B76: 7000076783 | C76: 44 | D76: 46235 | E76: תע"א חטיבת כלי טייס אזרחיים | F76: 3
A77: ‎30P450170101-501‏ | B77: 7000076783 | C77: 46 | D77: 46235 | E77: תע"א חטיבת כלי טייס אזרחיים | F77: 1
A78: 30P420166001-501 | B78: 7000076783 | C78: 50 | D78: 46235 | E78: תע"א חטיבת כלי טייס אזרחיים | F78: 1
A79: PAL1175426-501 | B79: 7000149257 | C79: 2 | D79: 46235 | E79: תע"א חטיבת כלי טייס אזרחיים | F79: 3
A80: PAL1175426-501 | B80: 7000149257 | C80: 6 | D80: 46235 | E80: תע"א חטיבת כלי טייס אזרחיים | F80: 1
A81: 30P450194101-501 | B81: 7000076783 | C81: 8 | D81: 46235 | E81: תע"א חטיבת כלי טייס אזרחיים | F81: 1 | G81: 9 | H81: 2
A82: 30P283331102-001 | B82: 7000140610 | C82: 112 | D82: 46235 | E82: תע"א חטיבת כלי טייס אזרחיים | F82: 1 | H82: 0
A83: 30P315494800-002 | B83: 7000140610 | C83: 14 | D83: 46235 | E83: תע"א חטיבת כלי טייס אזרחיים | F83: 7
A84: PAL1175426-501 | B84: 3000011408 | C84: 2 | D84: 46235 | E84: תע"א חטיבת כלי טייס אזרחיים | F84: 1 | G84: 8
A85: PAL1178329-501 | B85: L000296506 | C85: 30 | D85: 46236 | E85: תע"א חטיבת כלי טייס אזרחיים | F85: 2 | G85: 20
A86: 23134-000-00 | B86: 7000142426 | C86: 194 | D86: 46237 | E86: תע"א חטיבת כלי טייס אזרחיים | F86: 2
A87: 23363-300-00 | B87: 7000142426 | C87: 336 | D87: 46237 | E87: תע"א חטיבת כלי טייס אזרחיים | F87: 4
A88: 23139-000-00 | B88: 7000142426 | C88: 58 | D88: 46237 | E88: תע"א חטיבת כלי טייס אזרחיים | F88: 2
A89: TNK1302650-003 | B89: L000301850 | C89: 46 | D89: 46239 | E89: תע"א חטיבת כלי טייס אזרחיים | F89: 4 | G89: 4
A90: TNK1302650-011 | B90: L000301850 | C90: 64 | D90: 46244 | E90: תע"א חטיבת כלי טייס אזרחיים | F90: 2 | G90: 2
A91: 30A2720331-001 | B91: L000235947 | C91: 14 | D91: 46245 | E91: תע"א חטיבת כלי טייס אזרחיים | F91: 10 | G91: 38 | H91: 0
A92: 30P410178702-501 | B92: L000235974 | C92: 14 | D92: 46245 | E92: תע"א חטיבת כלי טייס אזרחיים | F92: 12 | G92: 13
A93: 30A2720331-001 | B93: 3000034743 | C93: 26 | D93: 46245 | E93: תע"א חטיבת כלי טייס אזרחיים | F93: 12 | G93: 28 | H93: 0
A94: TNK1302650-009 | B94: L000301850 | C94: 40 | D94: 46246 | E94: תע"א חטיבת כלי טייס אזרחיים | F94: 3 | H94: 0
A95: 30P357308700-001 | B95: 3000031736 | C95: 48 | D95: 46247 | E95: תע"א חטיבת כלי טייס אזרחיים | F95: 12
A96: 30P357308900-001 | B96: 3000030679 | C96: 358 | D96: 46247 | E96: תע"א חטיבת כלי טייס אזרחיים | F96: 12
A97: 30P357309000-001 | B97: 3000030679 | C97: 380 | D97: 46247 | E97: תע"א חטיבת כלי טייס אזרחיים | F97: 6 | G97: 60
A98: M1127-1009-501 | B98: 7000087103 | C98: 2 | D98: 46249 | E98: חטיבת מערכות טילים וחלל | F98: 92 | G98: 95
A99: M1127-1009-502 | B99: 7000087103 | C99: 4 | D99: 46249 | E99: חטיבת מערכות טילים וחלל | F99: 92 | G99: 95 | H99: 1
A100: TNK2104500-001 | B100: L000288605 | C100: 2 | D100: 46249 | E100: תע"א חטיבת כלי טייס אזרחיים | F100: 8 | G100: 320
A101: M1127-1016-001 | B101: 7000108688 | C101: 4 | D101: 46249 | E101: חטיבת מערכות טילים וחלל | F101: 181 | G101: 188
A102: 4341-1271-001 | B102: 7000152684 | C102: 2 | D102: 46249 | E102: חטיבת מערכות טילים וחלל | F102: 25 | G102: 225
A103: 4341-1271-001 | B103: 7000152684 | C103: 4 | D103: 46249 | E103: חטיבת מערכות טילים וחלל | F103: 200
A104: 4341-1066-001 | B104: 7000152684 | C104: 6 | D104: 46249 | E104: חטיבת מערכות טילים וחלל | F104: 10 | G104: 15
A105: TNK2104500-001 | B105: L000283941 | C105: 2 | D105: 46249 | E105: תע"א חטיבת כלי טייס אזרחיים | F105: 9
A106: TNK2104500-001 | B106: 3000032335 | C106: 2 | D106: 46249 | E106: תע"א חטיבת כלי טייס אזרחיים | F106: 9
A107: TNK1105650-008 | B107: L000301850 | C107: 128 | D107: 46249 | E107: תע"א חטיבת כלי טייס אזרחיים | F107: 4 | H107: 0
A108: TNK1105650-008 | B108: L000301850 | C108: 130 | D108: 46249 | E108: תע"א חטיבת כלי טייס אזרחיים | F108: 8 | H108: 0
A109: TNK1105650-008 | B109: L000301850 | C109: 132 | D109: 46249 | E109: תע"א חטיבת כלי טייס אזרחיים | F109: 5 | H109: 0
A110: TNK1105650-008 | B110: L000239521 | C110: 72 | D110: 46249 | E110: תע"א חטיבת כלי טייס אזרחיים | F110: 8 | G110: 30 | H110: 0
A111: 30A2520697-001 | B111: L000239513 | C111: 410 | D111: 46250 | E111: תע"א חטיבת כלי טייס אזרחיים | F111: 6 | G111: 39 | H111: 0
A112: KTR1521002-001 | B112: L000296094 | C112: 44 | D112: 46250 | E112: תע"א חטיבת כלי טייס אזרחיים | F112: 10
A113: KTR1521002-001 | B113: L000296094 | C113: 46 | D113: 46250 | E113: תע"א חטיבת כלי טייס אזרחיים | F113: 4
A114: 30A2520697-001 | B114: 3000030606 | C114: 60 | D114: 46250 | E114: תע"א חטיבת כלי טייס אזרחיים | F114: 8 | H114: 0
A115: 30A2520697-001 | B115: 3000030606 | C115: 62 | D115: 46250 | E115: תע"א חטיבת כלי טייס אזרחיים | F115: 25 | H115: 0
A116: 30P410170101-501 | B116: L000239513 | C116: 40 | D116: 46251 | E116: תע"א חטיבת כלי טייס אזרחיים | F116: 11 | G116: 4
A117: 30A2720341-001 | B117: 3000030606 | C117: 94 | D117: 46252 | E117: תע"א חטיבת כלי טייס אזרחיים | F117: 5 | G117: 34 | H117: 3
A118: 30P141236900-501 | B118: L000274872 | C118: 20 | D118: 46253 | E118: תע"א חטיבת כלי טייס אזרחיים | F118: 2 | G118: 5 | H118: 0
A119: 30P450194101-501 | B119: L000239513 | C119: 48 | D119: 46254 | E119: תע"א חטיבת כלי טייס אזרחיים | F119: 2 | H119: 2
A120: 30P450194101-501 | B120: L000235974 | C120: 184 | D120: 46254 | E120: תע"א חטיבת כלי טייס אזרחיים | F120: 6 | H120: 2
A121: 30P317607200-001 | B121: 3000031808 | C121: 18 | D121: 46254 | E121: תע"א חטיבת כלי טייס אזרחיים | F121: 24 | H121: 10
...

Sheet גרף
A1: week 1 | B1: week 2 | C1: week 3 | D1: week 4 | E1: week 5 | F1: week 6 | G1: week 7 | H1: week 8 | I1: week 10 | J1: week 12 | K1: week 13 | L1: week 16 | M1: week 17 | N1: week 18 | O1: week 19 | P1: week 20 | Q1: week 22 | R1: week 23 | S1: week 25 | T1: week 27 | U1: week 28 | V1: week 30 | W1: week 31 | X1: week 32
A2: 656 | B2: 585 | C2: 474 | D2: 418 | E2: 650 | F2: 602 | G2: 530 | H2: 397 | I2: 626 | J2: 666 | K2: 451 | L2: 542 | M2: 538 | N2: 657 | O2: 531 | P2: 353 | Q2: 409 | R2: 495 | S2: 429 | T2: 396 | U2: 360 | V2: 366 | W2: 362 | X2: 443
